Id,Label
F. Monti Arduini,F. Monti Arduini
M. Pecora,M. Pecora
S. Basile,S. Basile
S. Belisari,S. Belisari
D. Miglietta,D. Miglietta
S. Sichel,S. Sichel
I. Ianne,I. Ianne
E. Sciorilli,E. Sciorilli
G. Chiocchio,G. Chiocchio
V. D'Acquisto,V. D'Acquisto
A. Di Zio,A. Di Zio
L. Beccafichi,L. Beccafichi
F. Fasano,F. Fasano
G. Mangiaracina,G. Mangiaracina
M. De Martino,M. De Martino
M. Marati,M. Marati
M. Marini,M. Marini
W. Colì,W. Colì
M. G. Gili,M. G. Gili
A. Civai,A. Civai
Lattuada,Lattuada
V. Centrone,V. Centrone
Lubiak,Lubiak
M. Mastrangeli,M. Mastrangeli
E. Mineo,E. Mineo
L. Sala,L. Sala
F. Maresca,F. Maresca
V. Venturi,V. Venturi
F. Ventura,F. Ventura
P. Servillo,P. Servillo
A. Guidetti,A. Guidetti
V. Spampinato,V. Spampinato
C. Cofani,C. Cofani
I. Grandi,I. Grandi
E. Vianello,E. Vianello
R. Amadè,R. Amadè
A. Giordano,A. Giordano
E. Munda,E. Munda
G. D'Alessio,G. D'Alessio
N. Oliviero,N. Oliviero
F. Evangelisti,F. Evangelisti
R. Di Bella,R. Di Bella
C. Noto,C. Noto
S. Seracini,S. Seracini
E. Parazzini,E. Parazzini
O. Rubino,O. Rubino
A. Mirò,A. Mirò
R. Buti,R. Buti
D. De Santis,D. De Santis
B. Pallesi,B. Pallesi
A. Filippelli,A. Filippelli
A. Balestrieri,A. Balestrieri
R. Cellamare,R. Cellamare
R. Sinigallia,R. Sinigallia
C. Facchinetti,C. Facchinetti
M. Cantini,M. Cantini
L. Nigro,L. Nigro
E. Miceli,E. Miceli
F. Palazzolo,F. Palazzolo
M. Vicari,M. Vicari
Nathalie Giannitrapani,Nathalie Giannitrapani
M. Armani,M. Armani
F. S. Mangieri,F. S. Mangieri
V. Magelli,V. Magelli
Leozed,Leozed
B. Bergonzi,B. Bergonzi
G. Godi,G. Godi
D. Civaschi,D. Civaschi
M. Luca,M. Luca
M. Vergnaghi,M. Vergnaghi
E. Bassi,E. Bassi
V. Negrini,V. Negrini
Bungaro,Bungaro
R. Brioschi,R. Brioschi
D. Dattoli,D. Dattoli
A. Anastasio,A. Anastasio
S. Rocchetti,S. Rocchetti
F. Guasti,F. Guasti
S. Grandi,S. Grandi
E. Capotosti,E. Capotosti
R. Serio,R. Serio
R. Pippa,R. Pippa
P. Massara,P. Massara
F. Rondanini,F. Rondanini
M. Maffucci,M. Maffucci
F. Ricciardi,F. Ricciardi
J. Monasta,J. Monasta
E. Ghinazzi,E. Ghinazzi
G. Anania,G. Anania
S. Endrigo,S. Endrigo
P. Gagliardi,P. Gagliardi
R. Facchinetti,R. Facchinetti
C. Dazzi,C. Dazzi
Pellecalamaio,Pellecalamaio
F. De Benedittis,F. De Benedittis
A. Minghi,A. Minghi
Gippi,Gippi
A. Prestieri,A. Prestieri
A. Iammarino,A. Iammarino
L. G. Arbore,L. G. Arbore
M. Malavasi,M. Malavasi
G. Amendola,G. Amendola
S. Maiuolo,S. Maiuolo
T. Savio,T. Savio
A. Casaburi,A. Casaburi
A. De Carmine,A. De Carmine
A. Celentano,A. Celentano
A. Lo Vecchio,A. Lo Vecchio
E. Sognato,E. Sognato
G. Viezzoli,G. Viezzoli
G. Boursier,G. Boursier
A. Aquilani,A. Aquilani
Danpa,Danpa
D. L. Civaschi,D. L. Civaschi
G. Todrani,G. Todrani
G. Romanelli,G. Romanelli
S. Boffa,S. Boffa
S. Mineo,S. Mineo
C. Ailin,C. Ailin
A. Rosario,A. Rosario
S. Cammariere,S. Cammariere
L. Rana,L. Rana
A. Diodato,A. Diodato
S. Galante,S. Galante
G. Artegiani,G. Artegiani
F. Morettini,F. Morettini
F. Zanotti,F. Zanotti
G. Isgrò,G. Isgrò
G. Spagna,G. Spagna
M. Zappatini,M. Zappatini
A. Blescia,A. Blescia
S. Tamaro,S. Tamaro
F. Boccassini,F. Boccassini
A. Cazzola,A. Cazzola
T. Renis,T. Renis
M. Marrocchi,M. Marrocchi
P. Daniele,P. Daniele
F. Serafini,F. Serafini
L. Baglioni,L. Baglioni
N. Zilli,N. Zilli
E. Jannacci,E. Jannacci
R. Gianco,R. Gianco
C. Guidetti,C. Guidetti
V. Tariciotti,V. Tariciotti
E. Fratini,E. Fratini
E. Di Lazzaro,E. Di Lazzaro
R. Riefoli,R. Riefoli
E. B. Valdes,E. B. Valdes
F. C. Casellati,F. C. Casellati
F. Mussida,F. Mussida
G. Marotta,G. Marotta
M. De Iaco,M. De Iaco
V. Panzuti,V. Panzuti
G. Cichellero,G. Cichellero
E. Filiberto ed E. Ghinazzi,E. Filiberto ed E. Ghinazzi
G. Giancursi,G. Giancursi
F. Carraresi,F. Carraresi
G. Golzi,G. Golzi
C. De Andrè,C. De Andrè
P. Martella,P. Martella
M. Martellini,M. Martellini
G. Restelli,G. Restelli
G. Mattei,G. Mattei
D. Masini,D. Masini
G. Fazio,G. Fazio
B. Gilbo,B. Gilbo
D. Pao ed E. Ciarallo,D. Pao ed E. Ciarallo
N. Salerno,N. Salerno
P. Finà,P. Finà
E. Paselli,E. Paselli
A. Tatangelo,A. Tatangelo
Fedez,Fedez
M. Battistini,M. Battistini
M. Bassi,M. Bassi
A. Zurawski,A. Zurawski
R. Rubino,R. Rubino
D. Calvetti,D. Calvetti
B. Zucchetti,B. Zucchetti
M. Fiorilla,M. Fiorilla
M. Logan,M. Logan
M. A. Sisini,M. A. Sisini
A. Flora,A. Flora
B. Pallini,B. Pallini
A. Piccareta,A. Piccareta
P. Bertoli,P. Bertoli
S. Dall'Ora,S. Dall'Ora
E. Suligoj,E. Suligoj
A. Fornaciari,A. Fornaciari
A. Testa,A. Testa
M. Pagani,M. Pagani
A. Caponi,A. Caponi
E. Croce,E. Croce
Sentacruz,Sentacruz
F. Sciacca,F. Sciacca
A. Martelli,A. Martelli
S. Mattoccia,S. Mattoccia
D. Coro,D. Coro
S. Borgia,S. Borgia
A. Annona,A. Annona
A. Branca,A. Branca
M. Romagnoli,M. Romagnoli
M. Perrone,M. Perrone
A. Merli,A. Merli
Carrel,Carrel
R. Costa,R. Costa
V. Incenzo,V. Incenzo
P. Armenise,P. Armenise
A. Zuccaro,A. Zuccaro
Raphael Gualazzi,Raphael Gualazzi
G. Paoli,G. Paoli
M. De Angelis,M. De Angelis
E. Falcocchio,E. Falcocchio
Mogol,Mogol
E. Palumbo,E. Palumbo
Roberto Colombo,Roberto Colombo
C. Marrale,C. Marrale
G. Pellino,G. Pellino
L. Pellegrino,L. Pellegrino
G. Lorefice,G. Lorefice
K. Ammar,K. Ammar
D. Calvio,D. Calvio
A. Raina,A. Raina
D. Sacco,D. Sacco
P. Rolla,P. Rolla
G. Lucariello,G. Lucariello
F. Facchinetti,F. Facchinetti
J. Dorelli,J. Dorelli
V. Mascheroni,V. Mascheroni
E. Caterini,E. Caterini
G. Pieretti,G. Pieretti
L. Santoro,L. Santoro
A. De Curtis,A. De Curtis
M. Manzani,M. Manzani
C. Galbignani,C. Galbignani
T. Cerasuolo,T. Cerasuolo
F. Cianciola,F. Cianciola
G. Castellani,G. Castellani
S. Grieco,S. Grieco
A. Britti,A. Britti
G. Ferreri,G. Ferreri
P. Palma,P. Palma
R. Giglio,R. Giglio
F. Silvestre,F. Silvestre
C. Patti,C. Patti
F. Fugazza,F. Fugazza
P. Vallesi,P. Vallesi
D. Melotti,D. Melotti
Giuseppe Anastasi,Giuseppe Anastasi
G. Mauro,G. Mauro
R. Pazzaglia,R. Pazzaglia
A. Mari,A. Mari
M. De Paolis,M. De Paolis
G. Savio,G. Savio
F. Gazzè,F. Gazzè
F. Mobrici,F. Mobrici
M. Festuccia,M. Festuccia
M. Violante,M. Violante
Francesco Silvestre,Francesco Silvestre
L. Silvi,L. Silvi
N. Fasani,N. Fasani
A. Galbiati,A. Galbiati
Jovanotti,Jovanotti
M. Gabbianelli,M. Gabbianelli
A. Salerno,A. Salerno
Zacar,Zacar
C. Lo Mele,C. Lo Mele
A. Di Martino,A. Di Martino
L. Bruti,L. Bruti
L. Bechelli,L. Bechelli
E. Carella,E. Carella
A. De Sanctis,A. De Sanctis
F. Di Gesù,F. Di Gesù
C. Gori,C. Gori
Sebastiani,Sebastiani
G. Redi,G. Redi
A. Bavo,A. Bavo
V. Pallavicini,V. Pallavicini
G. C. Testoni,G. C. Testoni
O. Angiuli,O. Angiuli
C. Mattone,C. Mattone
P. Montanari,P. Montanari
E. Diana,E. Diana
F. Zampaglione,F. Zampaglione
G. Pulli,G. Pulli
L. Fulci,L. Fulci
V. Stein,V. Stein
G. Bigazzi,G. Bigazzi
S. Ortone,S. Ortone
S. D'Orazio,S. D'Orazio
P. Pinna,P. Pinna
L. Capello,L. Capello
G. Orlandi,G. Orlandi
G. Pio,G. Pio
R. Arbore,R. Arbore
L. Quarantotto,L. Quarantotto
D. Amerio,D. Amerio
G. Curreri,G. Curreri
Mirkoeilcane,Mirkoeilcane
Charlie Charles,Charlie Charles
L. L. Martelli,L. L. Martelli
M. Guarniero,M. Guarniero
R. Angelini,R. Angelini
G. Fiorellino,G. Fiorellino
G. Pegoraro,G. Pegoraro
Miani,Miani
A. Leone,A. Leone
M. Filardo,M. Filardo
R. Onori,R. Onori
E. Malepasso,E. Malepasso
R. Scalabrino,R. Scalabrino
S. Jurgens,S. Jurgens
D. Baima Besquet,D. Baima Besquet
P. Jannacci,P. Jannacci
G. Guarneri,G. Guarneri
M. Agnelli,M. Agnelli
M. Luberti,M. Luberti
A. Carrisi,A. Carrisi
M. Riva,M. Riva
S. Cossu,S. Cossu
C. Valli,C. Valli
R. Angiolini,R. Angiolini
C. Sebastianelli,C. Sebastianelli
G. Rampazzo,G. Rampazzo
D. Fossati,D. Fossati
P. P. Peroni,P. P. Peroni
V. Capasso,V. Capasso
R. Borghetti,R. Borghetti
Tosca,Tosca
F. Clemente,F. Clemente
A. Bella,A. Bella
W. Molco,W. Molco
R. Power,R. Power
B. D'Onghia,B. D'Onghia
G. Fasano,G. Fasano
M. Rei,M. Rei
M. Z. Granieri,M. Z. Granieri
J. Camisasca,J. Camisasca
C. Canzian,C. Canzian
F. Mesolella,F. Mesolella
S. M. Sorrentino,S. M. Sorrentino
P. E. Bassi,P. E. Bassi
L. Barbarossa,L. Barbarossa
S. Monetti,S. Monetti
G. Intra,G. Intra
E. Pietrelli,E. Pietrelli
S. Benussi,S. Benussi
G. Marcucci,G. Marcucci
M. Colucci,M. Colucci
U. Tozzi,U. Tozzi
E. Mou,E. Mou
F. Leali,F. Leali
D. Groff,D. Groff
La Valle,La Valle
M. Zenima Granieri,M. Zenima Granieri
L. Fragola,L. Fragola
M. Curallo,M. Curallo
M. Goldsand,M. Goldsand
N. Malanima,N. Malanima
S. Picchi,S. Picchi
F. Michielin,F. Michielin
O. Avogadro,O. Avogadro
I. Callegari,I. Callegari
A. Mahmoud,A. Mahmoud
C. Di Domenico,C. Di Domenico
R. Pacco,R. Pacco
M. Pasini,M. Pasini
G. Fanciulli,G. Fanciulli
S. Bardotti,S. Bardotti
G. Morra,G. Morra
M. Fabrizio,M. Fabrizio
V. Chiaravalle,V. Chiaravalle
M. Masini,M. Masini
Lazzari,Lazzari
Ultimo,Ultimo
S. Nasuti,S. Nasuti
M. Tansini,M. Tansini
Duchesca,Duchesca
L. Mattioni,L. Mattioni
C. Rigano,C. Rigano
L. Marino,L. Marino
D. Pace,D. Pace
F. Sartori,F. Sartori
M. Monticelli,M. Monticelli
M. Zarrillo,M. Zarrillo
N. La Mantia,N. La Mantia
E. Fecchi,E. Fecchi
M. Mariotti,M. Mariotti
P. Bentivoglio,P. Bentivoglio
J. M. Maiello Ferry,J. M. Maiello Ferry
E. Bennato,E. Bennato
P. Magoni,P. Magoni
Nek,Nek
C. Gigli,C. Gigli
L. Schiavone,L. Schiavone
Daniele Silvestri,Daniele Silvestri
G. Westley,G. Westley
A. Ventura,A. Ventura
M. Casadei,M. Casadei
R. Di Lorenzo,R. Di Lorenzo
V. Nacci,V. Nacci
G. Di Michele,G. Di Michele
P. Laquidara,P. Laquidara
Davide Bernasconi,Davide Bernasconi
E. Meta,E. Meta
M. Buzzanca,M. Buzzanca
Pacifico,Pacifico
A. Cogliati,A. Cogliati
A. Debernardi,A. Debernardi
G. Guarnieri,G. Guarnieri
C. Ferrari,C. Ferrari
G. Marchetti,G. Marchetti
M. Adami,M. Adami
M. Conti,M. Conti
D. Calcagno,D. Calcagno
A. Fragna,A. Fragna
A. Caioli,A. Caioli
G. Sangiorgi,G. Sangiorgi
G. Fabor,G. Fabor
C. Maccaro,C. Maccaro
M. Di Cataldo,M. Di Cataldo
M. Di Francia,M. Di Francia
G. Puzzo,G. Puzzo
D. Mungai,D. Mungai
M. Cozzoli,M. Cozzoli
G. Fassino,G. Fassino
Sergepy,Sergepy
M. Spina,M. Spina
Carlotta,Carlotta
M. Patrignani,M. Patrignani
N. Brunialti,N. Brunialti
M. Conidi,M. Conidi
L. Vizzini,L. Vizzini
D. Ciaramella,D. Ciaramella
I. Graziani,I. Graziani
L. Greco,L. Greco
M. Pezzali,M. Pezzali
E. Palmosi,E. Palmosi
F. Gargiulo,F. Gargiulo
B. Antonacci,B. Antonacci
T. Palamara,T. Palamara
D. De Marinis,D. De Marinis
S. Testi,S. Testi
S. Mazzocco,S. Mazzocco
F. Berlincioni,F. Berlincioni
G. Faiella,G. Faiella
F. Concato,F. Concato
A. Baracco,A. Baracco
D. Gambi,D. Gambi
C. Malgioglio,C. Malgioglio
R. Pradella,R. Pradella
F. Ilacqua,F. Ilacqua
Zibba,Zibba
M. Baglioni,M. Baglioni
D. Rettore,D. Rettore
D. Di Graci,D. Di Graci
M. Casini,M. Casini
F. Specchia,F. Specchia
G. D'Anzi,G. D'Anzi
E. Sbriccoli,E. Sbriccoli
M. Remigi,M. Remigi
O. Prudente,O. Prudente
G. Nannini,G. Nannini
R. Maffoni,R. Maffoni
R. Eleuteri,R. Eleuteri
R. Distefano,R. Distefano
P. Muscolino,P. Muscolino
U. Bertini,U. Bertini
L. Pilat,L. Pilat
F. Caprara,F. Caprara
G. Calabrese,G. Calabrese
N. Fabi,N. Fabi
G. Cassia,G. Cassia
F. Fiumara,F. Fiumara
P. Panella,P. Panella
F. Boccia,F. Boccia
P. P. Preti,P. P. Preti
D. Persoglio,D. Persoglio
C. Allia,C. Allia
A. Sopranzi,A. Sopranzi
G. Andreetto,G. Andreetto
R. Righini,R. Righini
S. Bersani,S. Bersani
R. Zero,R. Zero
C. Minellono,C. Minellono
G. Trovato,G. Trovato
L. Gonzalez Alea,L. Gonzalez Alea
Falco,Falco
A. Santonocito,A. Santonocito
V. Rossi,V. Rossi
C. Tortora,C. Tortora
M. Ayane,M. Ayane
C. Cattini,C. Cattini
Laurex,Laurex
F. Ricci,F. Ricci
A. Mango,A. Mango
C. De André,C. De André
B. Zambrini,B. Zambrini
D. Mancino,D. Mancino
F. Spinetti,F. Spinetti
L. Carmi,L. Carmi
P. Conte,P. Conte
M. Castelnuovo,M. Castelnuovo
M. Del Freo,M. Del Freo
F. Moro,F. Moro
T. De Gasperi,T. De Gasperi
G. Argenio,G. Argenio
Assolo,Assolo
S. Conforti,S. Conforti
Mahmood,Mahmood
F. Paulin,F. Paulin
V. B. Scanu,V. B. Scanu
D. Milani,D. Milani
M. Guazzone,M. Guazzone
S. Piro,S. Piro
Y. Carrisi,Y. Carrisi
Nisa,Nisa
L. Albertelli,L. Albertelli
P. Rossi,P. Rossi
Querencio,Querencio
G. Zagni,G. Zagni
Achille Lauro,Achille Lauro
Don Backy,Don Backy
B. Moglia,B. Moglia
S. Amato,S. Amato
G. Bersola,G. Bersola
Stash,Stash
C. A. Liman,C. A. Liman
G. Novi,G. Novi
G. Finizio,G. Finizio
A. Pugliese,A. Pugliese
Giuliano Sangiorgi,Giuliano Sangiorgi
M. Pilato,M. Pilato
R. Tini,R. Tini
G. Giorgilli,G. Giorgilli
L. Zecchino,L. Zecchino
U. Balsamo,U. Balsamo
G. Belleno,G. Belleno
M. Del Forno,M. Del Forno
V. Catanzaro,V. Catanzaro
A. Febo,A. Febo
L. Battisti,L. Battisti
L. Barazzetti,L. Barazzetti
A. Paoletti,A. Paoletti
P. Mendes,P. Mendes
M. Falagiani,M. Falagiani
R. Pagliarulo,R. Pagliarulo
Comas,Comas
S. Melloni,S. Melloni
R. Cozzoli,R. Cozzoli
G. Faletti,G. Faletti
R. Canale,R. Canale
G. Mango,G. Mango
L. Valori,L. Valori
E. Bonagura,E. Bonagura
M. Negri,M. Negri
D. Verde,D. Verde
F. Arrigoni,F. Arrigoni
Cavaros,Cavaros
P. Meneguzzo,P. Meneguzzo
T. Maiello,T. Maiello
R. Frenneaux,R. Frenneaux
F. Sacco,F. Sacco
D. Petrella,D. Petrella
M. Zangirolami,M. Zangirolami
U. Napolitano,U. Napolitano
L. Chiaravalli,L. Chiaravalli
B. Lauzi,B. Lauzi
S. Di Nardo,S. Di Nardo
L. Fiori,L. Fiori
M. Rinalduzzi,M. Rinalduzzi
Donida,Donida
S. Borzi,S. Borzi
S. Iodice,S. Iodice
E. Marcelli,E. Marcelli
M. Pagano,M. Pagano
R. Casalino,R. Casalino
I. Porceddu,I. Porceddu
W. Malgoni,W. Malgoni
P. Brera,P. Brera
A. Volpe,A. Volpe
M. Ruccione,M. Ruccione
R. Casini,R. Casini
Malise,Malise
M. Schembri,M. Schembri
D. Stefani,D. Stefani
R. Pareti,R. Pareti
R. Zaneli,R. Zaneli
P. Vivarelli,P. Vivarelli
G. Anastasi,G. Anastasi
R. Musumarra,R. Musumarra
M. Armenise,M. Armenise
D. Modugno,D. Modugno
R. Zappalorto,R. Zappalorto
Elisa Toffoli,Elisa Toffoli
P. Calabrese,P. Calabrese
P. Mango,P. Mango
G. Wright,G. Wright
Enrico Nigiotti,Enrico Nigiotti
Dolcenera,Dolcenera
M. Reitano,M. Reitano
D.L. Pieretti,D.L. Pieretti
G. Simonelli,G. Simonelli
G. Nenna,G. Nenna
M. Spenillo,M. Spenillo
M. Gazzè,M. Gazzè
U. Fusco,U. Fusco
E. Toffoli,E. Toffoli
B. Rifo,B. Rifo
F. Fanigliulo,F. Fanigliulo
O. Angelillo,O. Angelillo
T. Cutugno,T. Cutugno
I. Calcagno,I. Calcagno
Zucchero Fornaciari,Zucchero Fornaciari
F. De André,F. De André
M. Paoluzzi,M. Paoluzzi
G. Fiorelli,G. Fiorelli
E. Riccardi,E. Riccardi
A. Fontana,A. Fontana
S. Sylvestre,S. Sylvestre
M. Bizzarri,M. Bizzarri
A. Carnevali,A. Carnevali
M. E. Giovanardi,M. E. Giovanardi
R. Gualazzi,R. Gualazzi
P. Marino,P. Marino
L. D'Alessio,L. D'Alessio
D. Valentini,D. Valentini
M. Monti,M. Monti
R. Bolognesi,R. Bolognesi
A. Bergamaschi,A. Bergamaschi
A. Ruggiero,A. Ruggiero
V. Thoma,V. Thoma
M. C. Lacamera,M. C. Lacamera
Luca Madonia,Luca Madonia
A. Bettini,A. Bettini
P. Calvi,P. Calvi
G. Cionfoli,G. Cionfoli
M. Minoia,M. Minoia
S. Costantini,S. Costantini
G. Caccamo,G. Caccamo
L. Guenzi,L. Guenzi
C. Daiano,C. Daiano
C. Lessona,C. Lessona
F. Camba,F. Camba
D. Dezi,D. Dezi
M. D'Angelo,M. D'Angelo
A. Piga,A. Piga
E. Ramazzotti,E. Ramazzotti
A. Cheli,A. Cheli
V. Tosetto,V. Tosetto
P. Iezzi,P. Iezzi
F. Morgia,F. Morgia
S. Cristicchi,S. Cristicchi
M. Telli,M. Telli
F. Abbate,F. Abbate
E. La Valle,E. La Valle
D. De Vitis,D. De Vitis
R. Gigli,R. Gigli
I. Fossati,I. Fossati
G. Fulcheri,G. Fulcheri
C. A. Bixio,C. A. Bixio
L. Valente,L. Valente
A. Drusian,A. Drusian
L. Raggi,L. Raggi
L. Urbani,L. Urbani
R. Cocciante,R. Cocciante
M. Saracino,M. Saracino
C. Bissi,C. Bissi
Telonio,Telonio
G. P. Felisatti,G. P. Felisatti
R. Mascellino,R. Mascellino
F. Battiato,F. Battiato
A. Rodini,A. Rodini
L. Lopez,L. Lopez
V. De Scalzi,V. De Scalzi
D. Silvestri,D. Silvestri
S. Boswell,S. Boswell
Alexia,Alexia
T. Sinatra,T. Sinatra
W. Bassani,W. Bassani
G. Padovan,G. Padovan
M. Natale,M. Natale
M. Repetto,M. Repetto
G. Togni,G. Togni
Giuseppe Povia,Giuseppe Povia
M. Zanfagna,M. Zanfagna
M. G. Nava,M. G. Nava
L. Cersosimo,L. Cersosimo
Lucia Mannucci,Lucia Mannucci
C. Concina,C. Concina
N. Ravasini,N. Ravasini
F. Arnò,F. Arnò
M. Marcolini,M. Marcolini
R. Ruocco,R. Ruocco
M. Scommegna,M. Scommegna
Kaballà,Kaballà
F. Muggeo,F. Muggeo
A. Locatelli,A. Locatelli
F. Poli,F. Poli
P. Turci,P. Turci
D. Sinigallia,D. Sinigallia
D. Olivieri,D. Olivieri
C. Farolfi,C. Farolfi
N. Rastelli,N. Rastelli
A. Bonomo,A. Bonomo
A. Costanzo,A. Costanzo
P. Pintucci,P. Pintucci
L. Sepe,L. Sepe
A. Fresa,A. Fresa
J. Fontana,J. Fontana
P. Mangini,P. Mangini
Francesco Sarcina,Francesco Sarcina
Filibello,Filibello
M. Morandi,M. Morandi
G. Carletti,G. Carletti
A. Zitelli,A. Zitelli
M. Paulicelli,M. Paulicelli
Paolo Carta,Paolo Carta
Zibio,Zibio
Schiava,Schiava
A. Lusini,A. Lusini
R. Livraghi,R. Livraghi
A. Parente,A. Parente
N. Casiroli,N. Casiroli
L. Visentin,L. Visentin
G. Galgani,G. Galgani
G. Compare,G. Compare
F. Rendine,F. Rendine
A. Istroni,A. Istroni
R. Lo Mele,R. Lo Mele
M. Panzeri,M. Panzeri
G. Casieri,G. Casieri
Zenonazza,Zenonazza
M. Lavezzi,M. Lavezzi
L. Panico,L. Panico
C. Dello Iacovo,C. Dello Iacovo
L. Dalla,L. Dalla
P. Barabani,P. Barabani
D. Baldan Bembo,D. Baldan Bembo
G. Russo,G. Russo
C. Carrara,C. Carrara
C. Ori,C. Ori
F. Draicchio,F. Draicchio
A. Manfredi,A. Manfredi
A. Canini,A. Canini
A. Nanni,A. Nanni
Noemi,Noemi
M. Vicino,M. Vicino
R. Casale,R. Casale
G. Pollex,G. Pollex
D. Bosio,D. Bosio
L. Citi,L. Citi
A. Papetti,A. Papetti
M. Saggese,M. Saggese
G. Bella,G. Bella
L. Bonometti,L. Bonometti
V. D'Agostino,V. D'Agostino
U. Bindi,U. Bindi
S. Mantegazza,S. Mantegazza
R. Rascel,R. Rascel
Deani,Deani
A. Rizzo,A. Rizzo
Kynsha,Kynsha
M. Munzi,M. Munzi
D. Farina,D. Farina
F. Renga,F. Renga
M. Porru,M. Porru
R. Sanna,R. Sanna
C. Cecchetto,C. Cecchetto
M. Venuti,M. Venuti
Cheope,Cheope
R. Lanzo,R. Lanzo
A. Genovese,A. Genovese
C. Donida,C. Donida
R. Carosone,R. Carosone
J. Maiello Ferry,J. Maiello Ferry
F. Ciani,F. Ciani
F. Ferraguzzo,F. Ferraguzzo
F. Bianconi,F. Bianconi
Da Rovere,Da Rovere
S. Fabiani,S. Fabiani
P. Cassano,P. Cassano
L. Gambetti,L. Gambetti
G. Kramer,G. Kramer
R. Mogliotti,R. Mogliotti
C. Cavallaro,C. Cavallaro
E. Aldrighetti,E. Aldrighetti
A. Ambrosino,A. Ambrosino
F. Ciccotti,F. Ciccotti
L. Fainello,L. Fainello
M. Musumeci,M. Musumeci
F. Califano,F. Califano
R. Fiacchini,R. Fiacchini
L. Piscopo,L. Piscopo
L. Cherubini,L. Cherubini
L. Carnacina,L. Carnacina
P. Renga,P. Renga
U. Iervolino,U. Iervolino
M. Pedretti,M. Pedretti
P. Meneguzzi,P. Meneguzzi
F. Vaccari,F. Vaccari
E. Giudizi,E. Giudizi
P. Pallottino,P. Pallottino
G. Reitano,G. Reitano
R. Cardelli,R. Cardelli
P. A. Cassella,P. A. Cassella
F. Gabbani,F. Gabbani
D. Mariano,D. Mariano
R. Vecchioni,R. Vecchioni
I. Spagna,I. Spagna
M. Del Prete,M. Del Prete
Povia,Povia
F. Bergamini,F. Bergamini
G. Dati,G. Dati
R. Siani,R. Siani
G. Ortenzi,G. Ortenzi
G. D'Angelo,G. D'Angelo
M. Ciappelli,M. Ciappelli
L. Beretta,L. Beretta
M. Di Franco,M. Di Franco
A. Ravasio,A. Ravasio
R. Cini,R. Cini
R. Esposito,R. Esposito
C. De Bei,C. De Bei
G. Grignani,G. Grignani
D. Combusti,D. Combusti
G. B. Martelli,G. B. Martelli
S. Profeta,S. Profeta
A. Vian,A. Vian
E. Fusco,E. Fusco
G. De Stefani,G. De Stefani
P. Miano,P. Miano
M. De Peppe,M. De Peppe
C. Consoli,C. Consoli
Calibi,Calibi
F. Cogliati,F. Cogliati
C. Iezzi,C. Iezzi
C. Chiodo,C. Chiodo
F. Neviani,F. Neviani
Boss Doms,Boss Doms
D. Backy,D. Backy
M. Calabrese,M. Calabrese
M. Balducci,M. Balducci
L. Patruno,L. Patruno
M. Lusini,M. Lusini
C. Dammicco,C. Dammicco
F. Migliacci,F. Migliacci
G. Di Tonno,G. Di Tonno
G. Ciarella,G. Ciarella
Depsa,Depsa
G. Arena,G. Arena
R. Gaetano,R. Gaetano
P. Donaggio,P. Donaggio
Albula,Albula
P. Frescura,P. Frescura
M. Biondo,M. Biondo
A. Mingardi,A. Mingardi
R. Colombo,R. Colombo
D. Pinelli,D. Pinelli
C. Esposito,C. Esposito
A. Maggio,A. Maggio
B. Laurenti,B. Laurenti
A. Valsiglio,A. Valsiglio
P. Limiti,P. Limiti
G. Panceri,G. Panceri
R. Satti,R. Satti
L. Bacalov,L. Bacalov
S. Bertolotti,S. Bertolotti
F. Minoia,F. Minoia
L. Angelosanti,L. Angelosanti
G. Mescoli,G. Mescoli
C. A. Rossi,C. A. Rossi
M. Grilli,M. Grilli
M. Mudimbi,M. Mudimbi
P. Soffici,P. Soffici
R. Kunstler,R. Kunstler
N. Piras,N. Piras
M. Vecchi,M. Vecchi
S. Simoni,S. Simoni
A. Stellita,A. Stellita
G. Colonnelli,G. Colonnelli
A. Valleroni,A. Valleroni
K. Scherer,K. Scherer
G. Colonnello,G. Colonnello
G. P. Reverberi,G. P. Reverberi
G. F. Reverberi,G. F. Reverberi
M. Alemanno,M. Alemanno
I. Fornaciari,I. Fornaciari
R. Murolo,R. Murolo
E. Ruggeri,E. Ruggeri
M. Di Paolo,M. Di Paolo
R. Di Benedetto,R. Di Benedetto
T. Iurcich,T. Iurcich
A. Carozza,A. Carozza
B. Cherubini,B. Cherubini
F. Salvi,F. Salvi
P. Mammaro,P. Mammaro
D. Faini,D. Faini
V. Mercurio,V. Mercurio
A. Zuppini,A. Zuppini
F. Bongusto,F. Bongusto
C. Rego,C. Rego
C. Conti,C. Conti
G. Anelli,G. Anelli
A. Sandri,A. Sandri
E. Zapparoli,E. Zapparoli
M. Varini,M. Varini
P. Carone,P. Carone
S. Cutugno,S. Cutugno
M. Capuano,M. Capuano
F. Cavalli,F. Cavalli
E. Minoretti,E. Minoretti
R. Salani,R. Salani
A. De Simone,A. De Simone
Rolla,Rolla
E. Isola,E. Isola
D. Marchetti,D. Marchetti
Irama,Irama
S. Molinari,S. Molinari
E. Roberto,E. Roberto
Pinchi,Pinchi
Biri,Biri
P. Romitelli,P. Romitelli
M. Mengoni,M. Mengoni
G. D'Amora,G. D'Amora
F. Godi,F. Godi
S. Cenci,S. Cenci
Petaluma,Petaluma
S. Salemi,S. Salemi
E. Marrone,E. Marrone
D. Bernazza,D. Bernazza
O. Giammarinaro,O. Giammarinaro
D. Benedetti,D. Benedetti
U. Smaila,U. Smaila
Dardust,Dardust
L. Carboni,L. Carboni
M. Signorini,M. Signorini
G. Guglielminetti,G. Guglielminetti
F. Palmieri,F. Palmieri
S. Dionigi,S. Dionigi
Niccolò Moriconi,Niccolò Moriconi
S. Romano,S. Romano
E. Sinni,E. Sinni
D. Simonetta,D. Simonetta
G. Baldazzi,G. Baldazzi
C. Pes,C. Pes
Dinaro,Dinaro
R. Fogli,R. Fogli
N. de Luca,N. de Luca
D. Massa,D. Massa
G. Nuti,G. Nuti
S. Martelli,S. Martelli
M. Calò,M. Calò
D. Ceruti,D. Ceruti
C. Ruggiero,C. Ruggiero
D. Fainello,D. Fainello
M. Tronco e G. Servillo,M. Tronco e G. Servillo
L. Marielli,L. Marielli
G. Caliendo,G. Caliendo
M. Tirelli,M. Tirelli
S. Moschetto,S. Moschetto
M. Venturiello,M. Venturiello
G. D'Argenzio,G. D'Argenzio
V. Tempera,V. Tempera
Luca Barbarossa,Luca Barbarossa
G. Morandi,G. Morandi
A. Napoletano,A. Napoletano
T. Montelpare,T. Montelpare
V. Ripa,V. Ripa
Cashin,Cashin
P. Frassi,P. Frassi
F. Tanini,F. Tanini
F. Piccarreda,F. Piccarreda
F. Coppini,F. Coppini
L. Gelmini,L. Gelmini
G. Capuano,G. Capuano
P. Cremonesi,P. Cremonesi
F. Riccardi,F. Riccardi
M. Morante,M. Morante
R. Ferri,R. Ferri
M. Nava,M. Nava
G. Povia,G. Povia
A. Nicorelli,A. Nicorelli
E. Gragnaniello,E. Gragnaniello
A. Scarrone,A. Scarrone
E. Mangia,E. Mangia