Writer,Songs
A. Civai,['La nave va', 'E sia così', 'Perché', 'Non amarmi', 'Passerà', 'Soli al bar']
L. Carmi,['Il torrente']
M. G. Nava,['Fai piano']
A. Britti,['Oggi sono io', 'Sono contento', '7000 caffè']
A. Diodato,['Babilonia', 'Adesso']
Filibello,['Vecchie mura']
A. Rizzo,['Bambini']
B. Rifo,['Liberi o no']
M. Vecchi,['Dove si va']
A. Flora,['Adesso e qui (nostalgico presente)', 'Mi sento bene']
M. Rei,['Al di là di questi anni', 'Un inverno da baciare']
A. Napoletano,['Amarti sì']
S. Cammariere,['Tutto quello che un uomo', "L'amore non si spiega"]
F. Morgia,['Aria e musica']
F. Fiumara,['Se poi mi chiami']
D. Verde,['Piove (ciao ciao bambina)', 'Romantica']
F. Ventura,['E camminiamo']
J. Monasta,['Luna']
S. Mantegazza,['Ricordi']
F. Cogliati,['Siamo uguali']
A. Istroni,['Notte di Praga']
F. Evangelisti,['Non finisce così', 'Sottovoce']
E. Mou,['Nella vasca da bagno del tempo']
M. Cantini,["Pa' diglielo a ma'"]
A. Martelli,['Vattene amore', 'Secondo te']
S. Ortone,['Amare']
M. Patrignani,['Non finisce così']
E. Sognato,['E io ci penso ancora']
M. C. Lacamera,['Un grande addio']
E. Palmosi,['Arriverà', "Non è l'inferno"]
B. Pallesi,['Sussurrando buonanotte', 'Non potrai dimenticare', 'Tua', 'Noi', 'Tango italiano', 'Amor mon amour my love', 'Non sapevo']
F. Fanigliulo,['A me mi piace vivere alla grande']
L. Capello,['Tu sola']
Gippi,['La colpa fu']
D. Milani,['Su di noi', 'Volevo dirti', 'Ma non ho più la mia città']
F. Serafini,['Fotografia']
S. Dall'Ora,['Cuore']
G. Bigazzi,['Eternità', 'Non voglio innamorarmi mai', 'Montagne verdi', 'Cuore di vetro', 'Pensa per te', 'Un amore grande', 'Si può dare di più', 'Disperato', 'Perché lo fai', 'Gli altri siamo noi', 'Gli uomini non cambiano', 'Perché', 'Non amarmi', 'Un anno di noi', 'Passerà', 'Soli al bar', 'Accidenti a te', 'Che ne sai di me']
G. Fasano,['Io amo', 'Mi manchi', 'Ti lascerò', 'Vieni a stare qui', 'Per niente al mondo']
M. De Peppe,['Amica di scuola']
A. Zuppini,['Maggie']
G. Lucariello,["Che mistero è l'amore"]
C. Rigano,['Vedrai']
F. Piccarreda,['Come stai, con chi sei']
F. Guasti,['Universo']
F. Ferraguzzo,['Il nostro tempo', 'Il linguaggio della resa', 'Infinite volte']
M. Maffucci,['Appena prima di partire']
M. Adami,['La borsa di una donna']
Telonio,['Fuori']
R. Cozzoli,['È mezzanotte']
Laurex,['Non finisce così', 'Che sarà di me', "L'eterno movimento"]
L. Mattioni,['Guardami negli occhi (Prego)']
G. Pellino,['Le ore piccole']
G. Di Tonno,['Senti uomo']
F. Arrigoni,['Taxi']
L. Gelmini,['Le trote blu']
M. Minoia,['Chi sei non lo so']
M. E. Giovanardi,['Io confesso']
D. Silvestri,["L'uomo col megafono", 'Aria', 'La paranza', 'Argentovivo']
M. Balducci,["Un'altra vita un altro amore", 'Cara', 'Notte serena']
G. Reitano,['Canta con noi']
F. Carraresi,['Più di così']
E. Bassi,['È vero (che ci sei)']
M. Venuti,['Amore di plastica', 'Crudele', "Echi d'infinito"]
M. Bizzarri,['Ancora in volo']
V. Ripa,['Aveva un bavero']
S. Belisari,['La terra dei cachi', 'La canzone mononota']
S. Seracini,['Grazie dei Fiori', 'Mogliettina', 'Ci ciu cì (Cantava un usignol)', 'Un filo di speranza', "L'edera", 'Fragole e cappellini', 'Colpevole', 'Aspettandoti']
G. C. Testoni,['Grazie dei Fiori', 'Sotto il mandorlo', 'Il bosco innamorato', 'Due teste sul cuscino', 'Un filo di speranza', 'Io sono il vento']
C. Bissi,['Per Elisa']
S. Picchi,['Generale Kamikaze']
Charlie Charles,['Soldi']
Niccolò Moriconi,['I tuoi particolari']
G. Pio,['Per Elisa']
R. Lanzo,['Non ci prenderanno mai']
L. Beretta,['La colpa fu', 'Lì per lì', 'Nessuno mi può giudicare', "Un'ora fa", "Chi non lavora non fa l'amore", 'Sotto le lenzuola', 'Questa è la mia vita']
L. G. Arbore,['Il clarinetto']
D. Olivieri,['Non è mai troppo tardi']
D. Di Graci,['Guardia o ladro']
D. L. Civaschi,['La canzone mononota']
G. Todrani,['E poi', 'Come saprei', 'Strano il mio destino', 'Con te']
M. Tansini,['Straniero']
R. Righini,['Bambini']
V. Pallavicini,['Le mille bolle blu', 'Stanotte al luna park', 'Una casa in cima al mondo', 'Parlami di te', 'Nessuno di voi', 'Deborah', 'La siepe', "13, storia d'oggi", 'Serena', 'La bandiera di sole', 'Ma chi te lo fa fare', 'Serenata', 'Nostalgia canaglia', 'Cara terra mia']
M. Paulicelli,['Tu fai schifo sempre']
E. Sinni,["L'amore vero"]
L. Sala,["Non è l'inferno"]
P. Calabrese,['E camminiamo', 'Ognuno per sé', 'Credimi ancora']
B. Zucchetti,['Brutta']
M. Zangirolami,['Il mago']
A. Raina,['Il mondo prima di te', 'Frida (mai, mai, mai)']
D. Benedetti,['Ho bisogno di te']
M. Conti,['Ho bisogno di te']
F. C. Casellati,['Ti amo che strano']
U. Iervolino,['Raccontami...']
M. Mastrangeli,['Non è tardi']
G. Caliendo,['Turuturu']
L. Dalla,['4 marzo 1943', 'Piazza Grande', 'Replay', 'Quasi amore', 'Nanì', 'Almeno pensami']
Giuseppe Povia,['Luca era gay']
Cheope,['Come una guerra', 'Strani amori', 'Di notte specialmente', 'Cuore senza cuore', 'Nessun grado di separazione', 'Il diario degli errori', 'Eterno']
A. Giordano,['Tu fai schifo sempre']
C. Concina,['Vola Colomba', 'Campanaro', 'Usignolo', 'Campana di Santa Lucia']
F. Ciccotti,['Universo']
R. Ruocco,['Vecchia villa comunale']
G. Calabrese,['Non costa niente', 'Secondo te']
M. Riva,['Dentro di me']
V. Catanzaro,['Wake Up']
D. Mancino,['La tua bellezza', 'Il cielo è vuoto']
P. Rossi,['I soliti accordi']
F. Spinetti,['Sentimento']
G. Nannini,['Colpo di fulmine', 'Musica che resta']
Luca Barbarossa,['Fino in fondo']
E. Carella,['Barbara']
M. Monticelli,['Fotografia']
R. Zaneli,['Un bacio alla mia età']
F. Bongusto,['Cantare']
R. Distefano,['Ricordi del cuore (Anime sole)']
G. P. Felisatti,['Ma chi te lo fa fare', 'Il mare calmo della sera']
S. Testi,['A goccia a goccia', 'Un bacio alla mia età', 'Un altro amore no']
F. Berlincioni,['Non lo faccio più', 'Mi manchi', 'Ti lascerò', 'Gli amori', 'Vieni a stare qui', 'Ti penso', 'Per niente al mondo', 'Ora che ho bisogno di te', 'Amanda è libera']
F. Di Gesù,['Meno male', 'Pedala']
A. Bettini,['Un piccolo amore']
V. B. Scanu,['Il mondo dove va']
E. Zapparoli,['Arriverà']
M. Luberti,['Il mio amore']
P. Mendes,['Un cuore']
M. Logan,["Walkin'"]
E. Caterini,['Stai con me (Forever)']
P. Jannacci,['I soliti accordi']
A. Merli,['Nu juorno buono']
V. Mascheroni,["La luna si veste d'argento", 'Papaveri e papere', 'Amami se vuoi', 'Casetta in Canadà', "Giuro d'amarti così", 'Nessuno', 'Una marcia in Fa', 'Febbre di musica']
F. Cianciola,['Tutta colpa mia']
F. Neviani,['Figli di chi', 'In te', "Laura non c'è"]
Albula,['Proposta']
Nathalie Giannitrapani,['Vivo sospesa']
R. Frenneaux,['Bagnati dal sole']
G. Pulli,['Cosa ti aspetti da me']
G. Boursier,['Chiaraluna']
Francesco Sarcina,['Nel tuo sorriso']
R. Zero,['Nel perdono']
D. Bosio,['Chiedi quello che vuoi']
A. Vian,['Il mare', 'Mandolino mandolino']
S. M. Sorrentino,['Non riesco a farti innamorare']
I. Grandi,['Fuori', 'La cometa di Halley']
R. Rascel,['Romantica']
A. Ravasio,['Come stai']
L. Carboni,["Solo con l'anima mia", 'Esser duri']
N. Casiroli,["Sotto l'ombrello"]
M. Zarrillo,['Su quel pianeta libero', 'La notte dei pensieri', 'Cinque giorni', "L'acrobata"]
A. Cheli,['È soltanto una canzone', 'Un piccolo amore']
O. Giammarinaro,['Abbiamo vinto il Festival di Sanremo']
G. Castellani,['Usignolo']
M. Negri,["Italia d'oro"]
G. Panceri,['Grande']
F. Battiato,['Per Elisa']
A. Parente,['Che giorno sarà']
R. Canale,['Infinite volte', 'Ora mai']
F. Sacco,['Canta con noi']
R. Di Bella,['Non volevo', 'Guardami negli occhi (Prego)', 'Musica']
E. Ramazzotti,['Terra promessa', 'Una storia importante', 'Adesso tu', 'Come saprei', 'Innamorato']
G. D'Amora,['Noi non ci capiamo']
F. Arnò,['Ricomincio da qui']
R. Esposito,['Ora mai']
Sentacruz,['Linda bella Linda', '1/2 notte']
M. Grilli,['Dimentica']
Enrico Nigiotti,['Nonno Hollywood']
Don Backy,['Un sorriso']
R. Gaetano,['Gianna']
R. Kunstler,['Tutto quello che un uomo', "L'amore non si spiega"]
A. Galbiati,['Scintille']
N. La Mantia,['E poi e poi']
L. Zecchino,['Che ne sai della notte']
T. De Gasperi,['Appena prima di partire']
A. Zuccaro,['Promessa']
S. Boffa,['Cuore']
C. De André,['Bella più di me', 'Il cielo è vuoto']
G. Anelli,['Soli', 'Regalami un sorriso']
D. Marchetti,['Doppiamente fragili']
L. Carnacina,['A goccia a goccia', 'E camminiamo']
M. Morandi,['Che ne so']
G. Fiorellino,['Ricomincerei', 'Bastava un niente']
A. Nicorelli,['Domani domani']
M. Rinalduzzi,['E poi', 'E ci sei']
M. Nava,['Spalle al muro', 'Così è la vita', 'Il cuore mio']
C. Lo Mele,["L'unica"]
D. Baldan Bembo,['Tu cosa fai stasera?']
F. Draicchio,['Una vita in vacanza']
E. Di Lazzaro,['Il passerotto']
C. Gori,['Fantastica']
G. D'Argenzio,['Sentimento']
R. Mogliotti,['La canzone del perdono']
D. Simonetta,['Il mondo esplode tranne noi', 'Fatti bella per te', 'Il mondo prima di te']
A. Locatelli,['Al mercato di Pizzighettone']
Danpa,['Famme durmì', 'Sussurrando buonanotte', 'Splende il sole']
I. Calcagno,['Principessa delle rose']
A. Branca,['Luna']
R. Bolognesi,['Canta con noi']
E. Fecchi,['Una fotografia nella cornice']
F. Mesolella,['Sentimento', 'È colpa mia']
C. Cavallaro,['Eternità']
D. Miglietta,['Figli di chi']
R. Casalino,['Per sempre', "L'essenziale", 'Ti porto a cena con me']
M. Porru,['Straniero', 'Ogni tanto si sogna']
R. Ferri,['Sarà quel che sarà', 'Bella più di me', '...E dimmi che non vuoi morire']
G. Russo,["Morirò d'amore"]
R. Pagliarulo,['Nu juorno buono', 'Wake Up']
M. Tronco e G. Servillo,['Sentimento']
L. Battisti,["Un'avventura", 'Un fiume in piena']
G. Lorefice,['La donna di Ibsen', 'Come una Turandot']
Pinchi,['Una donna prega', 'Vecchio scarpone', 'Canzone da due soldi', 'Aprite le finestre', 'Splende il sole', 'Amor mon amour my love', 'Perdonarsi in due']
J. Dorelli,['Buongiorno amore']
F. Paulin,['New York']
A. Paoletti,['Nel perdono', 'Amanda è libera']
P. Montanari,['Me ne andrò']
C. Valli,['Non è un film']
L. Greco,["Pa' diglielo a ma'", 'Beguine']
G. Baldazzi,['Piazza Grande']
A. Piccareta,['Midnight']
M. Di Francia,['Cantare']
E. Riccardi,['Zingara', "Com'è dolce la sera", 'Ninna nanna (Cuore mio)', 'Sambariò']
V. Magelli,['Aspettami ogni sera', "Morirò d'amore"]
A. Canini,['Meno male']
P. Panella,['Barbara', 'Vattene amore', 'Nené', 'Dubbi no', "Cantare è d'amore"]
L. Santoro,['Siamo treni']
G. Ortenzi,['Abbi cura di me']
M. Casini,['Libro di novelle', 'Donnina sola']
M. Monti,['Per una bambola']
M. Colucci,['A goccia a goccia']
M. Baglioni,['Il congiuntivo']
W. Molco,['Nostalgia canaglia']
N. Piras,['La forza della mente']
T. Cerasuolo,["L'unica"]
E. Bonagura,['Eco tra gli abeti', 'Incantatella', 'Il pericolo numero uno', 'Io amo tu ami']
P. Marino,['È la mia vita', "Che mistero è l'amore"]
Dardust,['Soldi']
E. Minoretti,['Ci ciu cì (Cantava un usignol)']
A. Caponi,['Casa bianca', 'Canzone', 'Un sorriso', 'Bianchi cristalli sereni']
M. Paoluzzi,['A lei']
F. Ilacqua,['Amen', "Occidentali's Karma"]
G. Ciarella,['Amica di scuola']
M. Vicari,['Un uomo piange solo per amore', 'Tu sei bella come sei']
M. G. Gili,['Io, tu e le rose']
F. Ciani,['È tutto un attimo', 'Quando nasce un amore', 'Ti lascerò']
P. Rolla,["Un'anima leggera"]
F. Tanini,['Strani amori']
C. Daiano,['Ciao cara, come stai?', 'Oramai']
A. De Simone,['Nessuno']
C. Ori,['Spiove il sole']
G. Savio,['Un amore grande']
D. Civaschi,['Dentro di me', 'La terra dei cachi']
C. Galbignani,['Pedala']
G. Giancursi,["L'unica"]
Sergepy,['Per lei']
P. Frassi,['Come in ogni ora']
A. Costanzo,['No Pierrot', 'Fantastica']
S. Basile,['Notte di luna']
D. Coro,['Che giorno è']
A. Ruggiero,['...e dirsi ciao', 'Amore lontanissimo', 'Non ti dimentico (Se non ci fossero le nuvole)', 'Di un amore', 'Canzone fra le guerre']
Povia,['La verità']
C. De Andrè,['Dietro la porta']
S. Sichel,['Ogni giorno di più']
S. Mineo,['Che sia benedetta']
V. D'Acquisto,["L'edera", 'Colpevole', 'Aspettandoti']
F. Morettini,['Promessa']
G. Povia,['Vorrei avere il becco']
E. Meta,['Straordinario', 'Odio le favole', 'Vietato morire', 'Non mi avete fatto niente']
G. Orlandi,["L'uomo volante"]
C. Conti,['La pioggia', 'Taxi', 'Occhi rossi', 'Sarà un fiore']
Miani,['Me ne andrò']
M. Cozzoli,['Lasciami cantare una canzone', 'Il pericolo numero uno']
D. Mariano,["L'immensità", 'Canzone', 'Un sorriso']
I. Graziani,['Maledette malelingue']
Elisa Toffoli,['Vivendo adesso']
W. Malgoni,['Scusami', 'Non potrai dimenticare', 'Tua', 'Noi', 'Tango italiano', 'Amor mon amour my love']
A. Lusini,['Puoi fidarti di me']
C. Chiodo,['Imparare ad amarsi']
L. Quarantotto,['Con te partirò', 'Amarti sì']
A. Bavo,['Il mago']
G. Marotta,['Cipria di sole']
M. Pasini,['Fotografia']
L. Vizzini,['Mi sento bene']
M. Fabrizio,['Storie di tutti i giorni', 'Sarà quel che sarà', 'Sulla buona strada', 'Sul mare', 'Grande grande amore', 'Ma non finisce mica qui', "Almeno tu nell'universo", 'Io ti prego di ascoltare', 'In una notte così', 'Strano il mio destino', 'È la mia vita', 'Sempre', 'Sempre', "Che mistero è l'amore", "Schiavo d'amore"]
R. Mascellino,['Il terzo fuochista']
S. D'Orazio,['Grande grande amore']
F. Califano,['La musica è finita', 'Un grande amore e niente più']
G. Fulcheri,["L'eterno movimento"]
Daniele Silvestri,['A bocca chiusa']
C. Dello Iacovo,['Introverso']
P. Conte,['Deborah']
S. Mazzocco,['Cipria di sole']
M. Capuano,['Working Late Tonight']
M. Pedretti,['Ricordi']
A. Testa,['Il cantico del cielo', 'Un bacio sulla bocca', 'Quando vien la sera', 'È mezzanotte', 'Quando quando quando', 'Uno per tutte', 'Giovane giovane', 'Io ti darò di più', 'Mai mai mai Valentina', 'Non pensare a me', 'Quando dico che ti amo']
E. Paselli,['Lei balla sola']
M. Vicino,['Sul mare']
Schiava,['Più forte']
M. Ciappelli,['Vivere normale', 'Per tutta la vita', 'Bianca']
G. Isgrò,['Figli di chi', 'In te']
M. Z. Granieri,['Ogni giorno di più']
Zibio,['Mille volte']
N. Fabi,['Lasciarsi un giorno a Roma', 'Lontano da tutto']
V. Chiaravalle,["C'è che ti amo"]
Roberto Colombo,['Amore lontanissimo']
A. Fontana,['In equilibrio']
S. Benussi,['Wake Up']
G. Artegiani,['...E le rondini sfioravano il grano', "Perdere l'amore", 'Quando il cuore', 'A casa di Luca', 'Pathos', 'Nel cuore delle donne']
A. Febo,["All'infinito", 'Non mi avete fatto niente']
R. Onori,['Vedrai']
L. Patruno,['Sei la vita mia']
C. Ruggiero,['Ricordi']
A. Manfredi,['Quando ti senti sola']
A. Drusian,['Fiumi di parole']
E. Falcocchio,['Tutte le mamme', 'Un cuore']
G. B. Martelli,['Proposta']
R. Riefoli,['Si può dare di più', 'Oggi un Dio non ho']
R. Carosone,['Gondolì gondolà']
S. Sylvestre,['Con te']
A. Ventura,['Ho bisogno di te']
I. Ianne,['Ciao cara, come stai?', 'Io amo', 'Vieni a stare qui']
L. Pellegrino,['Beguine']
A. Tatangelo,['Bastardo']
A. Prestieri,['Canzone per Federica']
A. Debernardi,['La ragazza con il cuore di latta']
G. Arena,['Midnight']
A. Blescia,['Quello che non siamo']
D. Dezi,['Rolls Royce']
M. Calò,['Il mare immenso']
G. Bersola,['Semplice sai']
M. Zanfagna,['Notte mia']
J. Maiello Ferry,['Vicina e lontana']
G. Dati,['Disperato', 'Oggi un Dio non ho', 'Le persone inutili', 'Gli uomini non cambiano', 'La forza della vita', 'Brutta', 'Un anno di noi', "L'uomo volante"]
M. Saggese,["Di sole e d'azzurro"]
L. Guenzi,['Una vita in vacanza']
G. Guglielminetti,["Un'emozione da poco"]
U. Bindi,['È vero', 'La musica è finita']
G. Guarneri,['Mi son chiesta tante volte']
E. La Valle,['Casa bianca']
R. Casale,['Gli amori diversi']
P. Renga,['Raccontami...']
V. D'Agostino,['Non dirgli mai', 'Tu che ne sai', 'Non riesco a farti innamorare', 'Bastardo', 'Respirare']
M. Musumeci,['Universo']
F. Vaccari,['Il mago']
M. Marrocchi,['Un uomo piange solo per amore', 'Tu sei bella come sei', 'Vado a lavorare', 'La gente parla', '...E le rondini sfioravano il grano', "Perdere l'amore"]
A. Aquilani,['Dimmi come...']
V. Rossi,['...E dimmi che non vuoi morire', 'Lo zaino', 'La tua ragazza sempre', 'Dove non ci sono ore']
R. Pradella,['Da bambino']
Bungaro,['Guardastelle', 'Il mare immenso', 'Imparare ad amarsi']
C. Cecchetto,['Vasco']
Sebastiani,['Aspettami ogni sera']
M. Zenima Granieri,['E ci sei']
Zibba,['Senza di te']
M. Panzeri,['Grazie dei Fiori', 'Sotto il mandorlo', 'Papaveri e papere', 'Aveva un bavero', 'Canto nella valle', 'Amami se vuoi', 'Casetta in Canadà', "Giuro d'amarti così", 'Fragole e cappellini', 'Una marcia in Fa', 'Carolina dai', 'Buongiorno amore', 'Occhi neri e cielo blu', "Non ho l'età (Per amarti)", 'Nessuno mi può giudicare', 'Io, tu e le rose', 'La tramontana', "Quando m'innamoro", 'La pioggia', 'Romantico blues', 'Taxi', 'Tipitipitì', 'Rose nel buio', "Gira l'amore (Caro bebè)", 'Occhi rossi', 'Sarà un fiore']
R. Pazzaglia,["Amare un'altra", 'Come stai?']
F. Fasano,['Regalami un sorriso', "E mo' e mo'"]
M. Di Franco,['Maggie']
D. Calvio,['Ricordi']
P. Limiti,['Un grande addio']
G. Fiorelli,['Madonna delle rose', 'Buongiorno tristezza', 'Albero caduto', 'Corde della mia chitarra']
D. Melotti,['Guardami negli occhi (Prego)', 'Musica', 'Grande']
R. Gianco,['Pietre']
E. B. Valdes,['La margherita']
D. Massa,['Promessa']
G. Spagna,['Gente come noi', 'E io penso a te']
F. Renga,['Tracce di te', 'Angelo', 'La tua bellezza']
A. Annona,['Vai']
M. Alemanno,['Quasi amore']
J. Fontana,["Pa' diglielo a ma'", 'Che sarà']
S. Di Nardo,['La gente parla']
C. Dazzi,['Lasciarsi un giorno a Roma']
F. Abbate,['Nessun grado di separazione', 'Il diario degli errori']
M. Mengoni,['Credimi ancora', "L'essenziale"]
F. Camba,['Che giorno è']
O. Angelillo,['Come una guerra']
C. Tortora,['Senza giacca e cravatta']
Querencio,['Linda bella Linda']
A. Papetti,['Nel regno dei sogni']
Cavaros,['Niente di più']
P. Mangini,['Niente di più']
E. Ghinazzi,['Su di noi', 'Sarà perché ti amo', 'Hop hop somarello']
M. Filardo,['Sincerità']
Dinaro,['Ciao cara, come stai?']
Y. Carrisi,['Nel perdono']
G. D'Anzi,["Un disco dall'Italia", "Viale d'autunno", 'Per una volta ancora', 'Conoscerti', 'Perdonarsi in due']
F. Zanotti,['Gente come noi', 'Storie', 'Il linguaggio della resa']
L. Marielli,['Spunta la Luna dal monte', 'Pitzinnos in sa gherra']
G. Giorgilli,['Sei la vita mia']
Tosca,['Il terzo fuochista']
Da Rovere,['La cicogna distratta']
V. Spampinato,['Sulla buona strada']
P. Mammaro,['Musica che resta']
I. Callegari,["Il gioco dell'amore"]
Giuliano Sangiorgi,['E se poi']
V. Nacci,['Incredibile']
L. Valori,['Aria, sole, terra e mare']
La Valle,['Il mare nel cassetto']
L. Chiaravalli,['Il futuro che sarà', 'Fatti avanti amore', 'Un giorno mi dirai', "Occidentali's Karma", 'Fatti bella per te']
O. Rubino,['Ora']
V. Panzuti,['Famme durmì', 'Una donna prega', 'Sussurrando buonanotte', 'Aprite le finestre']
G. Redi,['Timida serenata', 'Io amo tu ami']
O. Avogadro,["L'ho persa ancora", 'Il buio e tu', "Quell'attimo in più", 'A me mi piace vivere alla grande', 'Margherita non lo sa', 'Non scendo']
L. Barazzetti,['Io, tu e le rose']
Fedez,['Siamo uguali']
C. Maccaro,['Quando sono lontano']
G. Nuti,['Il mare calmo della sera']
S. Bersani,['Replay', 'Un pallone']
E. Palumbo,['Monica', 'Aspettami ogni sera', 'È soltanto una canzone']
D. Groff,['Adesso']
G. Mauro,['Tu fai schifo sempre']
N. Malanima,['Guardami negli occhi']
G. P. Reverberi,['Hop hop somarello']
Dolcenera,['Siamo tutti là fuori', 'Ci vediamo a casa']
D. Pace,['Carolina dai', 'Occhi neri e cielo blu', 'Nessuno mi può giudicare', 'Io, tu e le rose', 'La tramontana', "Quando m'innamoro", 'La pioggia', 'Romantico blues', 'Taxi', 'Tipitipitì', 'Rose nel buio', "Gira l'amore (Caro bebè)", 'Occhi rossi', "L'ho persa ancora", 'Il buio e tu', "Quell'attimo in più", 'Sarà un fiore', 'A me mi piace vivere alla grande', 'Sarà perché ti amo', 'Volevo dirti', 'A goccia a goccia', 'Sul mare']
M. Del Forno,['Il nostro tempo']
P. Carone,['Per tutte le volte che...', 'Nanì']
W. Colì,['Serenata a nessuno', "L'ombra"]
D. Gambi,["Dietro l'intima ragione"]
G. Morra,['Storie di tutti i giorni', 'Ma non finisce mica qui', 'Io ti prego di ascoltare', 'In una notte così', "Ti parlerò d'amore", 'Sempre', 'Sempre', "Schiavo d'amore"]
B. D'Onghia,['Replay']
G. Romanelli,['Lividi e fiori', 'Guardastelle']
R. Rubino,['Il postino (amami uomo)']
M. Remigi,['Io ti darò di più']
R. Zappalorto,['Nessuno può fermare questo tempo', 'Ed io non ci sto più']
A. Maggio,['Mi servirebbe sapere']
F. Leali,['La bandiera di sole', 'Io amo', 'Ti lascerò', "Un po' di te", "Un po' di te", 'Ora che ho bisogno di te']
M. Tirelli,['Amare amare', 'Canto per te']
F. Concato,['Ciao Ninìn']
M. Morante,['Un posto al sole']
F. De André,['Pitzinnos in sa gherra']
G. Sangiorgi,['Come foglie', 'Via da qui']
M. Varini,["Laura non c'è"]
Donida,['Al di là', 'La spada nel cuore']
L. Barbarossa,['Roma spogliata', 'Come dentro un film', "L'amore rubato", 'Portami a ballare', 'Fortuna', 'Passame er sale']
L. Silvi,['Sarò bellissima']
E. Pietrelli,['Spiove il sole']
M. Di Paolo,['Aria, sole, terra e mare']
M. Violante,['Zerotretresette']
D. Faini,['La tua bellezza', 'Scintille', 'Il cielo è vuoto', 'Ti porto a cena con me', 'Frida (mai, mai, mai)']
Duchesca,['In amore']
M. Biondo,['Le margherite']
A. Mahmoud,['Dimentica']
D. Bernazza,['Intorno a te (È sempre primavera)']
L. Pilat,['Romantico blues', 'Tipitipitì', 'Rose nel buio', 'Occhi rossi']
E. Vianello,['Parlami di te']
P. Barabani,['Su di noi', 'Hop hop somarello']
Cashin,['A goccia a goccia']
G. Westley,['Senza un briciolo di testa']
A. Ambrosino,['Cuore matto']
S. Iodice,['Non lo faccio più', 'Cantare']
D. Rettore,['Di notte specialmente']
B. Gilbo,['Che ne sai di me']
N. Fasani,['La terra dei cachi', 'La canzone mononota']
G. Golzi,['...e dirsi ciao', 'Vacanze romane', 'Brivido caldo', "Questa nostra grande storia d'amore", 'Anche tu', "Messaggio d'amore"]
Assolo,['Promessa']
P. Brera,['Luna']
Lubiak,['Tu nella mia vita']
R. Brioschi,['Terra promessa', 'In volo nel futuro']
M. De Paolis,['Cancello tra le rose']
A. Salerno,['Bella da morire', 'Terra promessa', 'In volo nel futuro', 'Dopo la tempesta', 'Sei tu', 'Luce', 'Senza pietà', 'Per dire di no']
F. Mussida,['Bella più di me']
Noemi,['Bagnati dal sole']
A. Santonocito,['Fuoco e cenere']
A. Anastasio,['Non è un film']
V. Tempera,['Lei che']
N. Ravasini,['Al mercato di Pizzighettone', "L'attesa", 'Lui andava a cavallo']
V. Tosetto,['Come saprei', 'Ora che ho bisogno di te', 'Bianca']
L. Raggi,['Come Humphrey Bogart', 'Futuro']
R. Siani,['Ogni giorno di più']
G. Zagni,['Un porto nel vento']
J. M. Maiello Ferry,['Vicina e lontana']
P. Bentivoglio,['Fantastica']
F. Moro,['Sono solo parole', 'Non mi avete fatto niente']
N. Rastelli,['Papaveri e papere', 'Papà Pacifico']
C. Mattone,['Ma che freddo fa', 'Il cuore è uno zingaro', 'Il re di denari', 'Un grande amore e niente più', 'Il clarinetto', "Una carezza d'aiuto", 'Con un amico vicino', 'Le ragazze', 'Mai più sola', 'Sei tu', 'Cronaca']
C. Gigli,['Più forte']
U. Tozzi,['Un amore grande', 'Si può dare di più', 'Gli altri siamo noi']
E. Giudizi,['Chi sei non lo so']
G. Mattei,['Valeria']
F. Clemente,['Nu juorno buono']
C. Minellono,['Dolce frutto', 'Amore mio', 'Come stai, con chi sei', 'Felicità', "L'italiano", 'Ci sarà', "Se m'innamoro", 'Noi, ragazzi di oggi']
R. Power,['Nostalgia canaglia', 'Cara terra mia']
G. Colonnello,["Non ho l'età (Per amarti)", 'Mai mai mai Valentina', 'Da troppo tempo']
F. De Benedittis,["L'essenziale", 'Sotto casa', 'La leggenda di Cristalda e Pizzomunno']
G. Caccamo,['Adesso e qui (nostalgico presente)', 'Ritornerò da te', 'Eterno']
S. Amato,['Aria e musica', 'Ti penso']
F. Godi,['Che ne so']
M. Marati,['Strani amori', 'Gente come noi', 'Sentimento', 'Storie', 'Valeria']
Carlotta,['Promessa']
C. Marrale,['...e dirsi ciao', 'Vacanze romane', 'Souvenir', 'Piccoli giganti', 'Dedicato a te']
D. De Santis,['Aria, sole, terra e mare']
M. Perrone,['Scusami']
G. Mescoli,['Serena']
S. Simoni,['Donnina sola']
E. Fusco,['Il mio amore']
A. Volpe,['Di un amore']
R. Di Benedetto,['Infinite volte', 'Ora mai']
U. Smaila,['È tutto un attimo']
L. Valente,['Piccoli giganti', 'Dedicato a te']
V. Capasso,['Lo specchio dei pensieri']
S. Borzi,['Sottovoce', 'Stai con me (Forever)']
W. Bassani,['Ipnotica']
A. Fresa,['Imparare ad amarsi']
P. Daniele,['Un desiderio arriverà']
A. Leone,['Sei la vita mia']
C. A. Liman,['Il torrente']
G. Amendola,['Come le viole', 'Come un ragazzino']
B. Bergonzi,["Walkin'"]
C. Rego,['Di notte specialmente']
Calibi,['Vecchio scarpone']
F. Gazzè,['Una musica può fare', 'Il timido ubriaco', 'Sotto casa', 'La leggenda di Cristalda e Pizzomunno']
B. Lauzi,['Una rosa da Vienna', "Almeno tu nell'universo"]
P. Romitelli,['Il mondo esplode tranne noi', 'Musica che resta', 'Cosa ti aspetti da me']
A. Mirò,['Nessuno tocchi Caino']
M. Zappatini,['Angelo']
G. Viezzoli,['Nota per nota', 'Lì per lì']
S. Cutugno,['Solo noi', 'Serenata', 'Azzurra malinconia', 'Figli', 'Gli amori', 'Come noi nessuno al mondo', 'Un falco chiuso in gabbia']
L. Citi,['Libro di novelle']
R. Livraghi,["Quando m'innamoro"]
A. De Curtis,['Con te']
L. Visentin,['Per noi giovani']
P. Armenise,['È la vita']
E. Sciorilli,['La colpa fu', 'Non costa niente', 'Non pensare a me']
V. Negrini,['Innamoratevi come me', 'Uomini soli']
M. Pecora,['Rivoglio la mia vita']
P. Calvi,['Non sapevo']
F. Zampaglione,['Strade', 'Cieli immensi']
M. Vergnaghi,["Di sole e d'azzurro"]
S. Moschetto,['Maggie']
P. P. Peroni,['Senza averti qui']
Carrel,['La cicogna distratta']
L. Rana,['Sei la vita mia']
C. Carrara,['Canzone fra le guerre']
S. Endrigo,['Adesso sì', 'Dove credi di andare', 'Canzone per te', 'Lontano dagli occhi', "L'arca di Noè"]
P. Turci,['Stato di calma apparente', 'Volo così', 'Solo come me', "Saluto l'inverno", 'Fatti bella per te']
T. Cutugno,["L'italiano", 'Noi, ragazzi di oggi', 'Io amo', 'Il sognatore', "Canzone d'amore", 'Emozioni', 'Per noi', 'Le mamme', 'Se non avessi te', 'Sei tu']
U. Napolitano,['Bimba mia']
G. F. Reverberi,['La prima cosa bella']
M. Ayane,['Ricomincio da qui', 'Adesso e qui (nostalgico presente)']
F. Maresca,["Sull'acqua"]
P. Cassano,['...e dirsi ciao', "C'era un'atmosfera", 'Una storia importante', 'Adesso tu', 'Quando nasce un amore', 'Per noi giovani', 'Chi voglio sei tu', 'Brivido caldo', "Questa nostra grande storia d'amore", 'Anche tu', "Messaggio d'amore", 'Non credo nei miracoli']
R. Angelini,['Il Signor Domani']
Biri,["La luna si veste d'argento", "L'attesa", 'Scusami', 'Febbre di musica', 'Stanotte al luna park']
D. Baima Besquet,['La notte dei pensieri']
T. Montelpare,['Possiamo realizzare i nostri sogni', 'Rivoglio la mia vita']
P. Iezzi,['Amici come prima']
M. Pagani,['Io come farò']
P. Meneguzzi,['Musica']
D.L. Pieretti,['Ti voglio']
F. Gabbani,['Amen', "Occidentali's Karma"]
V. Venturi,['Il mondo è qui']
D. De Marinis,['Chiedi quello che vuoi', 'Un falco chiuso in gabbia']
M. Guarniero,['Senza averti qui']
C. Patti,['La forza della mente']
I. Fornaciari,['Spiove il sole', 'Il mondo piange']
A. Nanni,["Dietro l'intima ragione"]
D. Petrella,['Frida (mai, mai, mai)', 'Rolls Royce']
A. Baracco,["L'unica"]
Mirkoeilcane,['Stiamo tutti bene']
B. Cherubini,['Vola Colomba', 'Campanaro', 'Campana di Santa Lucia']
M. De Martino,['Notte mia']
S. Dionigi,['Fotografia']
Raphael Gualazzi,['Sai (ci basta un sogno)']
R. Amadè,['Come pioggia']
R. Costa,['Quasi amore']
A. Zurawski,['Lei che']
M. Pezzali,['Finalmente tu', 'Senza averti qui']
S. Conforti,['La terra dei cachi', 'La canzone mononota']
R. Gigli,["Pa' diglielo a ma'"]
F. Sartori,['Con te partirò']
Jovanotti,["L'amore è"]
D. Calcagno,['La vita è un paradiso di bugie', 'Le trote blu', 'Avevamo la stessa età', 'Non costa niente']
Stash,['Frida (mai, mai, mai)']
L. Fragola,['Siamo uguali', 'Infinite volte']
E. Toffoli,['Luce (tramonti a nord est)']
A. Celentano,['24mila baci', "Chi non lavora non fa l'amore", 'Sotto le lenzuola']
G. Wright,['Un grande amore e niente più']
S. Martelli,['Che ne sai di me']
S. Profeta,["All'infinito"]
M. Falagiani,['Gli uomini non cambiano', 'Non amarmi', 'Un anno di noi', 'Passerà', 'Accidenti a te']
S. Borgia,['Se ti senti veramente un amico', 'Le mamme', 'Sei tu']
E. Ruggeri,['Sonnambulismo', 'Quello che le donne non dicono', 'Mistero', 'Padre Nostro', 'La canzone del perdono', 'Primavera a Sarajevo', 'Nessuno tocchi Caino', 'Il primo amore non si scorda mai']
Ultimo,['Il ballo delle incertezze']
Pellecalamaio,['Prova a dire il mio nome']
D. Valentini,['Il passerotto']
S. Bardotti,['Canzone per te', 'Lontano dagli occhi', 'Tu sei bella come sei', 'Piazza Grande', 'Ti lascerò', 'Io come farò']
Davide Bernasconi,['Yanez']
Nek,['Fatti avanti amore']
L. Gambetti,['Sedici anni']
M. Lavezzi,["Quell'attimo in più", 'Non scendo', 'È tutto un attimo']
Luca Madonia,["L'alieno"]
G. Chiocchio,['Stato di calma apparente']
A. Sopranzi,['Perché le donne belle']
G. Curreri,['...E dimmi che non vuoi morire', 'Lo zaino', 'La tua ragazza sempre', 'Un giorno mi dirai', 'Cosa ti aspetti da me']
L. Marino,['Non mi dai pace']
U. Bertini,['Tutte le mamme', 'Cancello tra le rose', 'Per una volta ancora']
R. Pareti,['Bella da morire']
R. Angiolini,['Da bambino']
A. Piga,['Intorno a te (È sempre primavera)']
G. Fanciulli,['Io sono il vento']
M. Conidi,['Non è tardi']
F. Specchia,['Linda bella Linda']
G. Cichellero,['Un bacio sulla bocca']
G. Ferreri,['Il mare immenso']
D. Sacco,['Dove si va']
A. Carnevali,["All'infinito"]
D. De Vitis,['Non finirà']
F. Facchinetti,['Vivere normale']
R. Arbore,["Una carezza d'aiuto"]
M. Masini,['Disperato', 'Perché lo fai', "L'uomo volante", 'Che giorno è', 'La borsa di una donna']
G. Novi,['Fotografia']
Kaballà,['Non ti dimentico (Se non ci fossero le nuvole)', 'Crudele', "Echi d'infinito", "L'uomo che amava le donne"]
Giuseppe Anastasi,['La notte', 'Controvento']
F. Sciacca,['La marcia dei santi']
G. Marchetti,['Se piangi, se ridi']
P. Miano,['Il mago']
U. Fusco,['Canto nella valle']
C. Ferrari,['In equilibrio']
M. Guazzone,['Guasto']
M. Armenise,['Esser duri']
G. Togni,["Ti parlerò d'amore"]
M. Venturiello,['Il terzo fuochista']
S. Bertolotti,['Vivere normale']
Francesco Silvestre,['Se si potesse non morire']
P. Donaggio,['Come sinfonia', 'Giovane giovane', 'Una casa in cima al mondo']
M. Ruccione,['Madonna delle rose', '...e la barca tornò sola', 'Buongiorno tristezza', 'Albero caduto', 'Corde della mia chitarra']
F. Salvi,['Esatto!']
A. Balestrieri,['Senza di te']
L. Beccafichi,['Pedala']
D. Dattoli,['Il mondo piange']
A. Genovese,['Tu sola']
G. D'Alessio,['Bastardo']
F. S. Mangieri,['Notturno (Per chi non ha nessuno)']
G. Morandi,['La mia nemica amatissima']
G. Pollex,['Straordinario', 'Tutta colpa mia', 'Ciò che resta']
D. Persoglio,['Ricordi']
M. Marini,['Avevamo la stessa età']
A. Pugliese,['Il mare', 'Mandolino mandolino', 'Tu venisti dal mare']
S. Cenci,['Sarò bellissima', 'Nessuno può fermare questo tempo', 'Ho bisogno di sentirmi dire ti voglio bene']
M. Spenillo,['Targato NA']
G. Rampazzo,["Canzone d'amore"]
D. Amerio,['Quelli come noi', "Bisogno d'amore", 'Non finisce qui']
P. Pinna,['Monica']
C. Sebastianelli,['Il buio e tu']
T. Sinatra,['Gechi e vampiri']
C. Cofani,['Non finisce così']
Lattuada,['Il mare nel cassetto']
P. Finà,['Amare']
F. Palazzolo,['Uomo allo specchio']
L. Bonometti,['Non credo nei miracoli']
G. Fazio,['Fatti avanti amore']
A. Fragna,['Papà Pacifico']
A. Guidetti,['Una vita in vacanza']
C. A. Rossi,['Eco tra gli abeti', 'Nel regno dei sogni', 'Il cantico del cielo', 'Quando vien la sera', 'Le mille bolle blu', 'Stanotte al luna park']
F. Bergamini,["Un'anima leggera"]
G. Padovan,["Tu mi rubi l'anima"]
F. Rendine,['Due teste sul cuscino', 'Tu venisti dal mare']
Depsa,['Non lo faccio più', 'Ti voglio bene', 'Oramai', "E mo' e mo'", 'Il sognatore', 'Gli amori', 'Oggi sposi', 'Storie']
F. Ricciardi,["L'ho persa ancora"]
E. Jannacci,['I soliti accordi']
C. Allia,['Ricordi del cuore (Anime sole)']
G. Puzzo,['Un grande addio']
Falco,['Intorno a te (È sempre primavera)']
G. Belleno,['Soli']
M. Martellini,['Lei che']
N. Salerno,["Un disco dall'Italia", 'Timida serenata', 'È vero', 'Lui andava a cavallo']
E. Isola,['Sole pioggia e vento']
S. Cossu,['Souvenir', 'Piccoli giganti', 'Dedicato a te']
E. Capotosti,['Nessuno', 'Un grande addio']
R. Casini,['Volo così', 'Solo come me']
E. Gragnaniello,['Alberi']
F. Mobrici,['Eppure mi hai cambiato la vita', 'Portami via']
D. Fainello,["L'amore"]
C. Canzian,['Prova a dire il mio nome']
M. Luca,['Senza te o con te', 'Senza te o con te']
S. Salemi,['Pathos', 'Nel cuore delle donne']
P. Bertoli,['Spunta la Luna dal monte', "Italia d'oro"]
M. Calabrese,['E poi', 'E ci sei', 'Credimi ancora']
C. Esposito,['Grande amore']
G. Anastasi,['Sincerità', 'Malamorenò', 'Guardando il cielo', 'Il diario degli errori']
G. Capuano,['Working Late Tonight']
A. Bella,['Non è colpa di nessuno']
F. Migliacci,['Nel blu dipinto di blu', 'Libero', 'Addio...addio...', 'Ma che freddo fa', "Il gioco dell'amore", "Pa' diglielo a ma'", 'Il cuore è uno zingaro', 'Che sarà', 'Il re di denari', 'Vado a lavorare', 'New York', 'Beguine', 'Uomo allo specchio', 'Più di così', 'Sarò bellissima']
M. De Iaco,['Promessa']
C. Consoli,['Amore di plastica', 'In bianco e nero', "Saluto l'inverno"]
D. Stefani,['Chiaraluna']
M. Lusini,['Ciò che resta']
F. Palmieri,['Soli al bar']
T. Palamara,['Ti amo che strano']
P. Pallottino,['4 marzo 1943']
G. Bella,['Montagne verdi', 'Pensa per te', 'La mia nemica amatissima', 'Senza un briciolo di testa', 'Tanti auguri', 'Dopo la tempesta', "Quando l'aria mi sfiora"]
G. Godi,['Luna']
R. Vecchioni,['Sera', "L'uomo che si gioca il cielo a dadi", 'A lei', 'Chiamami ancora amore']
Achille Lauro,['Rolls Royce']
Lucia Mannucci,['Una fotografia nella cornice']
R. Tini,["L'amore"]
K. Scherer,['Quando sono lontano']
F. Gargiulo,['Nessun grado di separazione']
L. Urbani,['Noi non ci capiamo']
T. Iurcich,['Argentovivo']
A. Rosario,['Maledetta primavera', 'Su quel pianeta libero']
C. A. Bixio,['Lasciami cantare una canzone']
B. Antonacci,['Non so più a chi credere']
B. Pallini,['Come Humphrey Bogart']
E. Filiberto ed E. Ghinazzi,['Italia amore mio']
A. Rodini,['Il postino (amami uomo)', 'Ora']
R. Cellamare,['Piazza Grande', "Solo con l'anima mia", 'Occhi neri', "Vorrei incontrarti fra cent'anni", 'Nel respiro più grande', 'Un porto nel vento']
E. Mangia,['Il nostro tempo']
M. Goldsand,['Più di così']
L. Cersosimo,['Vasco']
V. Tariciotti,['Vado a lavorare']
L. Fulci,['24mila baci']
G. Restelli,['Gli amori diversi']
F. Silvestre,['Arriverà', "Non è l'inferno", 'Una finestra tra le stelle', 'Ora esisti solo tu']
E. Diana,["L'unica"]
E. Suligoj,['Questa è la mia vita']
Nisa,['Gondolì gondolà', "Non ho l'età (Per amarti)", 'La musica è finita']
M. Marcolini,['Dimmi come...', 'Spiove il sole']
G. Carletti,['Dove si va']
M. Agnelli,['Argentovivo']
N. de Luca,["Chi non lavora non fa l'amore"]
D. Ceruti,['Guasto']
A. Scarrone,['Il mondo prima di te']
C. Ailin,['Bagnati dal sole']
D. Fossati,['Dietro la porta']
Leozed,['Oceano']
M. Buzzanca,['Mi sento bene']
Alexia,['Per dire di no']
R. Maffoni,['Sole negli occhi']
A. Stellita,['...e dirsi ciao', "C'era un'atmosfera", 'Souvenir', 'Piccoli giganti', 'Dedicato a te']
F. Bianconi,['La cometa di Halley', 'Il futuro che sarà']
A. Cazzola,['Una vita in vacanza']
G. Faletti,['Signor tenente']
R. Cardelli,['Il nostro tempo', 'Il linguaggio della resa', 'Portami via']
P. Laquidara,['Lividi e fiori']
R. Borghetti,['A me mi piace vivere alla grande']
M. De Angelis,['Intorno a te (È sempre primavera)']
C. Malgioglio,['Ciao cara, come stai?', 'Chi (Mi darà)']
G. Pegoraro,['Notte di Praga']
G. Andreetto,['Oggi sposi']
M. Malavasi,['Ma non ho più la mia città', 'Oceano']
M. A. Sisini,["Morirò d'amore"]
S. Fabiani,['Credimi ancora']
L. Bacalov,['Lontano dagli occhi', "L'arca di Noè"]
C. Donida,['Sotto il mandorlo', 'Vecchio scarpone', 'Canzone da due soldi', 'Ricorda', 'In un fiore']
C. Cattini,['Dove si va']
F. Cavalli,['La solitudine']
F. Caprara,['Il nostro tempo']
P. Gagliardi,['Come le viole', 'Come un ragazzino']
M. Del Prete,['Nessuno mi può giudicare', "Chi non lavora non fa l'amore", 'Sotto le lenzuola']
M. Pagano,["Sull'acqua"]
L. Fainello,["L'amore"]
M. Reitano,['Canta con noi']
N. Brunialti,['Abbi cura di me']
A. Di Zio,['Senti uomo']
R. Sinigallia,['Lasciarsi un giorno a Roma', 'Strade']
V. De Scalzi,['Soli']
V. Mercurio,['Nostalgia canaglia']
G. Finizio,['Lo specchio dei pensieri']
R. Cini,['Bisogna saper perdere']
C. De Bei,['Emily', 'Chissà se nevica']
M. Signorini,['Non voglio innamorarmi mai']
D. Mungai,['Rolls Royce']
G. Trovato,['Ma non ho più la mia città', 'Non è un film', 'Gechi e vampiri']
P. Meneguzzo,['Guardami negli occhi (Prego)', 'Grande']
Boss Doms,['Rolls Royce']
M. Del Freo,['Doppiamente fragili']
G. Compare,['È mezzanotte']
R. Lo Mele,["L'unica"]
F. Poli,['Lei balla sola']
L. Nigro,['Fuoco e cenere']
A. De Sanctis,['Due anelli', "Tu mi rubi l'anima", 'La gente parla', 'Figli di chi', 'In te', "Laura non c'è", 'Un piccolo amore']
M. Gabbianelli,['Elisa']
S. Romano,['Vedrai']
M. Casadei,["Dietro l'intima ragione"]
M. Castelnuovo,['Nina']
G. Kramer,['Il bosco innamorato', 'Nessuno di voi']
E. Munda,['Musica che resta']
A. Mari,['Sedici anni']
F. Boccia,['Turuturu', 'Grande amore']
S. Boswell,['Working Late Tonight']
L. Baglioni,['Il congiuntivo']
E. Aldrighetti,['Ipnotica']
Petaluma,['Un uomo piange solo per amore', 'Vado a lavorare']
S. Jurgens,['Possiamo realizzare i nostri sogni']
D. Masini,["I giorni dell'arcobaleno"]
P. Massara,['Deborah', 'La siepe']
F. Riccardi,['Siamo treni']
C. Noto,['Sei la vita mia']
G. Casieri,['Come stai']
D. Pinelli,['Un altro amore no', 'Un inverno da baciare', 'Il passo silenzioso della neve']
G. Marcucci,['Ancora in volo']
G. Simonelli,['Monica']
T. Renis,['Quando quando quando', 'Uno per tutte', 'Quando dico che ti amo']
L. Gonzalez Alea,['Il futuro che sarà']
D. Modugno,['Musetto (La più bella sei tu)', 'Nel blu dipinto di blu', 'Piove (ciao ciao bambina)', 'Libero', 'Addio...addio...', 'Dio, come ti amo', 'Come stai?', 'Questa è la mia vita']
D. Farina,['Sarà perché ti amo', 'Felicità', 'Ci sarà', "Se m'innamoro", 'Chiamalo amore', "Canzone d'amore"]
A. Caioli,['Specchi rotti']
M. Romagnoli,['Una vita in vacanza']
G. Anania,['Fatti bella per te']
B. Moglia,['Un grande addio']
E. Croce,['Così vivrai']
F. Minoia,['Al di là di questi anni', 'Semplice sai']
L. Albertelli,['Zingara', "Com'è dolce la sera", 'Ninna nanna (Cuore mio)', 'Da troppo tempo', 'Sambariò', 'Complimenti', 'Non voglio mica la luna', 'Il mio angelo', 'Fatti miei', 'La notte dei pensieri']
S. Piro,['Noël']
G. Fassino,['Perché le donne belle']
F. Muggeo,['Fuoco e cenere']
S. Grandi,['Un giorno mi dirai']
R. Pippa,['Mi sento bene']
M. Battistini,['Canta con noi']
R. Cocciante,['Se stiamo insieme', "L'amore vero", 'Cuore senza cuore']
G. Colonnelli,['La ragazza con il cuore di latta']
S. Monetti,['Storie']
P. Cremonesi,['La solitudine']
A. Casaburi,['Ricomincerei', 'Bastava un niente']
L. Panico,['Non finirà']
C. Pes,['Che sarà']
F. Michielin,['Nessun grado di separazione']
G. Galgani,['Possiamo realizzare i nostri sogni']
M. Repetto,['Finalmente tu']
S. Melloni,['Esatto!']
L. L. Martelli,['Usignolo']
L. Cherubini,['Vasco']
U. Balsamo,['Dolce frutto', 'Amore mio', 'Come stai, con chi sei', 'Chi (Mi darà)', 'Futuro', 'Italia', 'Nascerà Gesù']
S. Rocchetti,['Armonia e poesia']
Kynsha,['Zerotretresette']
A. Bergamaschi,["C'è che ti amo"]
Zucchero Fornaciari,['Fatti miei', 'Luce (tramonti a nord est)', "Di sole e d'azzurro"]
G. Pieretti,['Pietre', 'Domani domani']
A. Valsiglio,['Oramai', 'La solitudine', 'Strani amori', 'Gente come noi', 'Sentimento', 'Storie']
P. Frescura,['Due anelli']
G. D'Angelo,['Vai', 'Senza giacca e cravatta']
R. Musumarra,['Un bacio alla mia età']
L. Sepe,["Un po' di te", "Un po' di te"]
D. Sinigallia,['Lasciarsi un giorno a Roma']
P. Muscolino,['Specchi rotti']
E. Marcelli,['Meno male']
S. Tamaro,['Nel respiro più grande']
Zenonazza,['Rivoglio la mia vita']
M. Mariotti,['Sedici anni']
A. Mango,['Re', 'Luce']
P. Vallesi,['Le persone inutili', 'La forza della vita']
V. Incenzo,['Cinque giorni', 'Un altro amore no', 'Che sarà di me', "L'acrobata", 'Il passo silenzioso della neve', 'Nel perdono']
M. Spina,['Ti amo che strano']
R. Gualazzi,["Follia d'amore", 'Liberi o no']
G. Cassia,['Bisogna saper perdere', 'Tu sei bella come sei']
R. Salani,['No Pierrot']
R. Fiacchini,['Ave Maria']
P. Servillo,['È colpa mia']
Rolla,['Il mare nel cassetto']
D. Calvetti,['Vivere normale', 'Per tutta la vita']
R. Fogli,['Storie di tutti i giorni']
R. Scalabrino,['Ragazza del sud']
A. Valleroni,['La cicogna distratta', 'Donnina sola']
C. Di Domenico,['Liberami', 'Fiumi di parole']
P. Palma,['Senza te o con te', 'Senza te o con te']
R. Facchinetti,['Innamoratevi come me']
P. Mango,['Luce']
M. Natale,['Esatto!', 'Non credo nei miracoli']
G. Cionfoli,['Solo grazie']
Irama,['La ragazza con il cuore di latta']
M. Mudimbi,['Il mago']
M. Munzi,['Ho bisogno di te']
M. Armani,['È la vita']
R. Serio,['Ave Maria']
C. Lessona,['Zerotretresette']
S. Galante,['Un giorno in più']
G. Guarnieri,['Una rosa da Vienna']
A. Zitelli,['Non è colpa di nessuno']
M. Manzani,['Perché lo fai', 'Quando ti senti sola', 'Padre Nostro']
R. Murolo,['Sempre con te']
F. Monti Arduini,['Tu nella mia vita']
I. Spagna,['Gente come noi', 'E io penso a te']
P. Martella,['Zerotretresette']
L. Bechelli,['Più di così', 'Valeria']
R. Satti,['Se piangi, se ridi']
R. Sanna,['Ti voglio']
M. Fiorilla,['Le margherite']
A. Filippelli,['Infinite volte', 'Cosa ti salverà']
E. Fratini,['Sarò bellissima']
L. Piscopo,['Il congiuntivo']
Paolo Carta,['La forza mia']
E. Mineo,['Che sia benedetta']
G. Grignani,['Destinazione Paradiso', 'Cammina nel sole', 'Sogni infranti']
N. Zilli,["L'uomo che amava le donne", 'Per sempre', 'Sola']
G. Intra,["Un'ora fa"]
Zacar,['1/2 notte']
D. Pao ed E. Ciarallo,['Appena prima di partire']
F. Coppini,['Un porto nel vento']
S. Costantini,['Guasto']
E. Parazzini,["Un'ora fa"]
A. Iammarino,['La borsa di una donna']
Mogol,['Al di là', 'Uno per tutte', 'Ricorda', 'Se piangi, se ridi', 'In un fiore', "L'immensità", "Un'avventura", "Quando l'amore diventa poesia", 'La prima cosa bella', 'La spada nel cuore', 'Sole pioggia e vento', 'La mia nemica amatissima', 'Senza un briciolo di testa', 'Se stiamo insieme', "Quando l'aria mi sfiora", 'Essere una donna']
A. Carozza,['Musica che resta']
D. Backy,["L'immensità"]
B. Zambrini,['In amore']
A. Mingardi,['Amare amare', 'Canto per te']
M. Telli,['Un piccolo amore']
P. Soffici,["Quando l'amore diventa poesia"]
K. Ammar,['Come in ogni ora']
Malise,['Il mare calmo della sera']
O. Angiuli,['Tutta colpa mia']
F. Boccassini,['Le foglie']
C. Dammicco,['Linda bella Linda', '1/2 notte']
L. Schiavone,['Sonnambulismo', 'Quello che le donne non dicono']
M. Saracino,['Non ci sto']
M. Schembri,["Un po' di te", "Un po' di te"]
A. Carrisi,["13, storia d'oggi", 'Nostalgia canaglia', 'Cara terra mia', 'Ancora in volo', 'Amanda è libera']
Comas,['Non è colpa di nessuno']
L. Lopez,['La notte dei pensieri']
M. Bassi,['Dedicato a te', 'È vero (che ci sei)']
P. Pintucci,["I giorni dell'arcobaleno"]
L. Angelosanti,['Promessa']
G. Fabor,["Amare un'altra", 'Mille volte']
P. E. Bassi,['Vecchie mura']
V. Stein,['Quando sono lontano']
D. Ciaramella,['Sentimento']
Deani,['Tamburino del reggimento']
P. P. Preti,['Mi son chiesta tante volte']
V. Centrone,['Chi sei non lo so']
G. Nenna,['La ragazza con il cuore di latta']
A. Minghi,['Vattene amore', 'Nené', 'Dubbi no', 'Notte bella, magnifica', "Cantare è d'amore"]
S. Maiuolo,['Con te']
R. Giglio,['Cento cose']
S. Grieco,['1/2 notte']
E. Marrone,['Tutta colpa mia']
T. Savio,['Cuore matto', 'Cuore di vetro']
I. Fossati,['Jesahel', "Un'emozione da poco", 'Le notti di maggio']
M. Pilato,['Fotografia']
A. Sandri,['Oceano']
S. Cristicchi,['Ti regalerò una rosa', 'Meno male', 'Abbi cura di me']
C. Facchinetti,['Uomini soli']
C. Guidetti,['Senza pietà', 'Innamorato']
V. Thoma,['Un giorno in più']
C. Iezzi,['Amici come prima']
L. D'Alessio,['Non dirgli mai', 'Tu che ne sai', 'Essere una donna', 'Il mio amico', 'Non riesco a farti innamorare', 'Respirare']
L. Fiori,['Non ci prenderanno mai']
M. Gazzè,['Una musica può fare', 'Il timido ubriaco', 'Sotto casa', 'La leggenda di Cristalda e Pizzomunno']
M. Scommegna,['La prima cosa bella', "I giorni dell'arcobaleno"]
C. Farolfi,['Chiedi quello che vuoi']
M. D'Angelo,['E ci sei']
G. De Stefani,['Felicità']
P. Vivarelli,['24mila baci']
R. Pacco,['Non ami che te']
S. Molinari,['Egocentrica']
E. Bennato,['Grande sud']
R. Colombo,['Non ti dimentico (Se non ci fossero le nuvole)']
F. Ricci,['Liberami', 'Fiumi di parole']
I. Porceddu,['In equilibrio']
A. Bonomo,['Fatti avanti amore', 'Il mago']
E. Malepasso,['Ti voglio bene', 'Non voglio mica la luna', 'Il mio angelo', 'Fatti miei', "Un po' di te", "Un po' di te"]
N. Oliviero,['Vecchia villa comunale', 'La vita è un paradiso di bugie']
R. Buti,['Strani amori']
A. Lo Vecchio,['Sera', 'Armonia e poesia']
O. Prudente,['Jesahel', 'Margherita non lo sa']
M. Curallo,['Io confesso']
D. Combusti,['1969']
L. Bruti,['Aria, sole, terra e mare']
G. Argenio,['La pioggia', 'Taxi']
A. Di Martino,['Cosa ti salverà']
R. Di Lorenzo,['E tu lo chiami Dio']
G. Paoli,['Un uomo vivo', 'Tanti auguri', 'Io come farò', 'Un altro amore']
A. Fornaciari,['Volevo dirti', 'Complimenti', 'Non voglio mica la luna', 'Il mondo piange']
T. Maiello,['Il linguaggio della resa']
G. Di Michele,['Gli amori diversi']
Lazzari,['Aspettami ogni sera']
B. Laurenti,['Se adesso te ne vai']
P. Magoni,['E ci sei']
E. Roberto,['Una vita in vacanza']
G. Mango,['Re', 'Chissà se nevica']
M. Festuccia,['Briciole di pane']
J. Camisasca,["Il giorno dell'indipendenza"]
M. Di Cataldo,['Che sarà di me', 'Se adesso te ne vai']
R. Eleuteri,['Così vivrai']
Mahmood,['Soldi']
P. A. Cassella,['Maledetta primavera', 'Tu cosa fai stasera?', 'Su quel pianeta libero', 'Chiamalo amore']
F. Fugazza,['Dimentica']
G. Faiella,['Un grande amore e niente più', "E mo' e mo'"]
E. Sbriccoli,['Beguine']
A. Cogliati,['Regalami un sorriso', 'Una storia importante', 'Adesso tu', 'È tutto un attimo', 'Quando nasce un amore', 'Per noi giovani', 'Chi voglio sei tu', 'Vieni a stare qui', 'Come saprei', 'Un giorno in più', 'Innamorato']
E. Miceli,['La donna di Ibsen', 'Come una Turandot']
S. Nasuti,['Stai con me (Forever)']
G. Mangiaracina,['Sincerità']
S. Mattoccia,['Sottovoce']
Pacifico,['Ricomincio da qui', 'Adesso e qui (nostalgico presente)', 'Imparare ad amarsi']
F. Rondanini,['Argentovivo']
A. De Carmine,['Targato NA']