Source,Target,Weight
P. Marino,M. Fabrizio,37
P. Marino,G. Lucariello,28
L. Gonzalez Alea,F. Bianconi,16
L. Gonzalez Alea,L. Chiaravalli,1
G. Belleno,G. Anelli,1
G. Belleno,V. De Scalzi,13
Kaballà,N. Zilli,8
Kaballà,R. Colombo,1
Kaballà,A. Ruggiero,1
Kaballà,M. Venuti,16
R. Sanna,D.L. Pieretti,8
M. Luca,P. Palma,1
D. Stefani,G. Boursier,1
C. Ori,M. Marcolini,8
C. Ori,E. Pietrelli,8
C. Ori,I. Fornaciari,8
F. Ilacqua,F. Gabbani,6
F. Ilacqua,L. Chiaravalli,1
G. Nenna,Irama,9
G. Nenna,A. Debernardi,9
G. Nenna,G. Colonnelli,9
M. Z. Granieri,R. Siani,9
M. Z. Granieri,S. Sichel,1
G. Galgani,S. Jurgens,16
G. Galgani,T. Montelpare,1
P. Frescura,A. De Sanctis,8
R. Costa,M. Alemanno,9
R. Costa,L. Dalla,1
T. Cerasuolo,C. Lo Mele,9
T. Cerasuolo,A. Baracco,8
T. Cerasuolo,G. Giancursi,13
T. Cerasuolo,R. Lo Mele,14
T. Cerasuolo,E. Diana,9
D. Bosio,C. Farolfi,9
D. Bosio,D. De Marinis,20
C. Allia,R. Distefano,16
Petaluma,M. Vicari,2
Petaluma,M. Marrocchi,6
Petaluma,V. Tariciotti,8
Petaluma,F. Migliacci,8
D. Miglietta,G. Isgrò,8
D. Miglietta,A. De Sanctis,13
D. Miglietta,F. Neviani,26
C. Lo Mele,A. Baracco,16
C. Lo Mele,G. Giancursi,8
C. Lo Mele,R. Lo Mele,8
C. Lo Mele,E. Diana,9
A. Santonocito,F. Muggeo,2
A. Santonocito,L. Nigro,2
G. Todrani,M. Calabrese,9
G. Todrani,M. Fabrizio,9
G. Todrani,S. Sylvestre,6
G. Todrani,M. Rinalduzzi,9
G. Todrani,S. Maiuolo,9
G. Todrani,E. Ramazzotti,10
G. Todrani,A. Cogliati,1
G. Todrani,V. Tosetto,1
S. Fabiani,M. Calabrese,1
S. Fabiani,P. Calabrese,6
S. Fabiani,M. Mengoni,6
R. Cini,G. Cassia,6
L. Pellegrino,L. Greco,6
L. Pellegrino,E. Sbriccoli,6
L. Pellegrino,F. Migliacci,6
M. Bassi,L. Valente,10
M. Bassi,A. Stellita,10
M. Bassi,C. Marrale,6
M. Bassi,E. Bassi,6
M. Bassi,S. Cossu,6
Zibio,G. Fabor,9
M. Negri,P. Bertoli,10
R. Gualazzi,B. Rifo,1
C. Minellono,G. De Stefani,6
C. Minellono,D. Farina,2
C. Minellono,U. Balsamo,10
C. Minellono,T. Cutugno,2
C. Minellono,F. Piccarreda,2
C. Lessona,Kynsha,2
C. Lessona,P. Martella,5
C. Lessona,M. Violante,5
G. Curreri,G. Pulli,8
G. Curreri,V. Rossi,1
G. Curreri,P. Romitelli,9
G. Curreri,R. Ferri,6
G. Curreri,L. Chiaravalli,11
G. Curreri,S. Grandi,9
L. Citi,M. Casini,10
B. Pallesi,P. Calvi,9
B. Pallesi,Danpa,10
B. Pallesi,V. Panzuti,10
B. Pallesi,W. Malgoni,8
B. Pallesi,Pinchi,8
Carlotta,A. Zuccaro,8
Carlotta,Assolo,8
Carlotta,D. Massa,5
Carlotta,L. Angelosanti,5
Carlotta,M. De Iaco,1
Carlotta,F. Morettini,1
A. Baracco,G. Giancursi,9
A. Baracco,R. Lo Mele,9
A. Baracco,E. Diana,9
G. Pollex,O. Angiuli,1
G. Pollex,E. Meta,8
G. Pollex,M. Lusini,8
G. Pollex,F. Cianciola,8
G. Pollex,E. Marrone,8
E. Carella,P. Panella,12
M. Lavezzi,U. Smaila,9
M. Lavezzi,F. Ciani,9
M. Lavezzi,A. Cogliati,9
M. Lavezzi,O. Avogadro,2
M. Lavezzi,D. Pace,3
A. Sandri,Leozed,3
A. Sandri,M. Malavasi,8
A. Leone,G. Giorgilli,16
A. Leone,L. Rana,8
A. Leone,L. Patruno,5
A. Leone,C. Noto,5
D. Ceruti,S. Costantini,5
D. Ceruti,M. Guazzone,5
V. Thoma,S. Galante,5
V. Thoma,A. Cogliati,4
C. Chiodo,Bungaro,4
C. Chiodo,A. Fresa,4
C. Chiodo,Pacifico,17
N. de Luca,L. Beretta,4
N. de Luca,A. Celentano,4
N. de Luca,M. Del Prete,4
M. Pagano,F. Maresca,4
M. Zangirolami,F. Vaccari,4
M. Zangirolami,P. Miano,9
M. Zangirolami,A. Bonomo,9
M. Zangirolami,A. Bavo,9
M. Zangirolami,M. Mudimbi,9
E. Croce,R. Eleuteri,9
M. De Angelis,Falco,9
M. De Angelis,D. Bernazza,9
M. De Angelis,A. Piga,10
G. Spagna,I. Spagna,10
G. Spagna,M. Marati,5
G. Spagna,F. Zanotti,5
G. Spagna,A. Valsiglio,8
G. Fabor,R. Pazzaglia,10
M. Pilato,G. Novi,10
M. Pilato,M. Monticelli,10
M. Pilato,S. Dionigi,10
M. Pilato,F. Serafini,9
M. Pilato,M. Pasini,10
F. Clemente,A. Merli,10
F. Clemente,R. Pagliarulo,10
G. Lorefice,E. Miceli,10
K. Scherer,V. Stein,10
K. Scherer,C. Maccaro,8
E. Ghinazzi,D. Farina,1
E. Ghinazzi,D. Milani,5
E. Ghinazzi,P. Barabani,1
E. Ghinazzi,G. P. Reverberi,1
E. Ghinazzi,D. Pace,10
R. Zaneli,R. Musumarra,10
R. Zaneli,S. Testi,10
M. Paulicelli,A. Giordano,9
M. Paulicelli,G. Mauro,9
A. Raina,D. Petrella,9
A. Raina,A. Scarrone,9
A. Raina,D. Simonetta,9
A. Raina,D. Faini,9
A. Raina,Stash,8
R. Pippa,M. Buzzanca,8
R. Pippa,A. Flora,8
R. Pippa,L. Vizzini,8
M. Calabrese,M. D'Angelo,4
M. Calabrese,P. Calabrese,6
M. Calabrese,M. Rinalduzzi,10
M. Calabrese,P. Magoni,9
M. Calabrese,M. Zenima Granieri,9
M. Calabrese,M. Mengoni,6
E. Suligoj,D. Modugno,8
E. Suligoj,L. Beretta,13
M. Pezzali,M. Guarniero,8
M. Pezzali,M. Repetto,16
M. Pezzali,P. P. Peroni,9
R. Mascellino,M. Venturiello,2
R. Mascellino,Tosca,5
M. Guarniero,P. P. Peroni,3
R. Casini,P. Turci,3
Sebastiani,E. Palumbo,9
Sebastiani,V. Magelli,3
Sebastiani,Lazzari,3
G. D'Anzi,U. Bertini,2
G. D'Anzi,Pinchi,4
G. D'Anzi,N. Salerno,4
M. Biondo,M. Fiorilla,1
A. Rizzo,R. Righini,8
S. Galante,A. Cogliati,8
G. Marcucci,A. Carrisi,10
G. Marcucci,M. Bizzarri,11
A. Iammarino,M. Adami,5
A. Iammarino,M. Masini,8
R. Ruocco,N. Oliviero,11
F. Arnò,M. Ayane,1
F. Arnò,Pacifico,9
A. Pugliese,A. Vian,9
A. Pugliese,F. Rendine,8
M. Buzzanca,A. Flora,6
M. Buzzanca,L. Vizzini,6
S. M. Sorrentino,V. D'Agostino,6
S. M. Sorrentino,L. D'Alessio,6
C. Cecchetto,L. Cherubini,1
C. Cecchetto,L. Cersosimo,1
R. Zappalorto,S. Cenci,1
F. Renga,M. Zappatini,1
F. Renga,D. Faini,4
F. Renga,D. Mancino,4
P. Cremonesi,A. Valsiglio,9
P. Cremonesi,F. Cavalli,1
O. Angiuli,F. Cianciola,9
O. Angiuli,E. Marrone,9
A. Merli,R. Pagliarulo,7
R. Facchinetti,V. Negrini,7
G. Nannini,P. Mammaro,7
G. Nannini,P. Romitelli,10
G. Nannini,A. Carozza,10
G. Nannini,E. Munda,3
P. Mammaro,P. Romitelli,3
P. Mammaro,A. Carozza,3
P. Mammaro,E. Munda,7
G. Nuti,Malise,7
G. Nuti,G. P. Felisatti,6
F. Boccia,C. Esposito,6
F. Boccia,G. Caliendo,6
L. Bechelli,M. Marati,8
L. Bechelli,G. Mattei,8
L. Bechelli,F. Carraresi,6
L. Bechelli,F. Migliacci,10
L. Bechelli,M. Goldsand,10
P. Massara,P. Conte,4
P. Massara,V. Pallavicini,6
G. Ciarella,M. De Peppe,9
G. Artegiani,S. Salemi,10
G. Artegiani,M. Marrocchi,10
R. Siani,S. Sichel,7
F. Gabbani,L. Chiaravalli,9
V. D'Agostino,G. D'Alessio,9
V. D'Agostino,L. D'Alessio,9
V. D'Agostino,A. Tatangelo,8
G. Fulcheri,Laurex,8
R. Casale,G. Restelli,8
R. Casale,G. Di Michele,4
E. Meta,F. Moro,4
E. Meta,A. Febo,1
Filibello,P. E. Bassi,3
F. Cogliati,L. Fragola,6
F. Cogliati,Fedez,6
C. Concina,B. Cherubini,6
C. Concina,G. Castellani,10
C. Concina,L. L. Martelli,7
L. Albertelli,G. Colonnello,4
L. Albertelli,D. Baima Besquet,2
L. Albertelli,Zucchero Fornaciari,2
L. Albertelli,M. Zarrillo,2
L. Albertelli,A. Fornaciari,2
L. Albertelli,E. Malepasso,4
L. Albertelli,E. Riccardi,2
L. Albertelli,L. Lopez,2
Cheope,F. Gargiulo,6
Cheope,G. Anastasi,6
Cheope,F. Abbate,4
Cheope,M. Marati,4
Cheope,F. Tanini,4
Cheope,A. Valsiglio,4
Cheope,F. Michielin,8
Cheope,R. Buti,7
Cheope,R. Cocciante,7
Cheope,D. Rettore,7
Cheope,O. Angelillo,7
Cheope,C. Rego,7
Cheope,G. Caccamo,7
G. Anelli,V. De Scalzi,7
G. Anelli,A. Cogliati,5
G. Anelli,F. Fasano,1
M. Casini,S. Simoni,1
M. Casini,A. Valleroni,1
L. Valori,L. Bruti,10
L. Valori,D. De Santis,10
L. Valori,M. Di Paolo,14
G. Restelli,G. Di Michele,8
A. Cheli,E. Palumbo,30
A. Cheli,M. Telli,10
A. Cheli,A. Bettini,10
A. Cheli,A. De Sanctis,17
C. A. Rossi,A. Testa,9
C. A. Rossi,A. Papetti,17
C. A. Rossi,V. Pallavicini,9
C. A. Rossi,E. Bonagura,7
C. A. Rossi,Biri,7
E. Ruggeri,M. Manzani,6
E. Ruggeri,R. Mogliotti,6
E. Ruggeri,A. Mirò,10
E. Ruggeri,L. Schiavone,6
M. Di Francia,F. Bongusto,9
M. Di Francia,S. Iodice,9
A. Mingardi,M. Tirelli,3
C. Cattini,G. Carletti,9
C. Cattini,M. Vecchi,9
C. Cattini,D. Sacco,8
G. De Stefani,D. Farina,26
F. Berlincioni,G. Fasano,9
F. Berlincioni,Depsa,8
F. Berlincioni,A. Carrisi,6
F. Berlincioni,I. Ianne,9
F. Berlincioni,F. Ciani,30
F. Berlincioni,A. Cogliati,3
F. Berlincioni,A. Paoletti,10
F. Berlincioni,S. Bardotti,6
F. Berlincioni,F. Leali,6
F. Berlincioni,S. Iodice,6
F. Berlincioni,S. Cutugno,5
F. Berlincioni,V. Tosetto,6
F. Berlincioni,S. Amato,7
G. Fasano,I. Ianne,4
G. Fasano,F. Ciani,2
G. Fasano,A. Cogliati,1
G. Fasano,S. Bardotti,5
G. Fasano,F. Leali,6
G. Fasano,T. Cutugno,6
M. Reitano,M. Battistini,6
M. Reitano,G. Reitano,8
M. Reitano,F. Sacco,8
M. Reitano,R. Bolognesi,3
M. Pedretti,D. Calvio,3
M. Pedretti,S. Mantegazza,3
M. Pedretti,D. Persoglio,7
M. Pedretti,C. Ruggiero,7
E. Falcocchio,P. Mendes,7
E. Falcocchio,U. Bertini,7
M. Casadei,D. Gambi,3
M. Casadei,A. Nanni,2
F. Ferraguzzo,R. Di Benedetto,2
F. Ferraguzzo,L. Fragola,10
F. Ferraguzzo,F. Zanotti,10
F. Ferraguzzo,M. Del Forno,10
F. Ferraguzzo,F. Caprara,10
F. Ferraguzzo,T. Maiello,8
F. Ferraguzzo,A. Filippelli,16
F. Ferraguzzo,E. Mangia,3
F. Ferraguzzo,R. Cardelli,3
F. Ferraguzzo,R. Canale,3
F. Califano,G. Wright,2
F. Califano,Nisa,2
F. Califano,G. Faiella,6
F. Califano,U. Bindi,6
F. Califano,C. Mattone,6
Charlie Charles,Dardust,6
Charlie Charles,Mahmood,6
L. Piscopo,L. Baglioni,6
L. Piscopo,M. Baglioni,9
G. Pulli,P. Romitelli,9
M. Vergnaghi,Zucchero Fornaciari,9
M. Vergnaghi,M. Saggese,1
F. C. Casellati,M. Spina,1
F. C. Casellati,T. Palamara,1
F. Gargiulo,F. Abbate,3
F. Gargiulo,F. Michielin,6
M. A. Sisini,V. Magelli,7
M. A. Sisini,G. Russo,7
M. Signorini,G. Bigazzi,3
M. D'Angelo,M. Rinalduzzi,7
M. D'Angelo,P. Magoni,3
M. D'Angelo,M. Zenima Granieri,7
C. Ailin,R. Frenneaux,17
C. Ailin,Noemi,1
R. Musumarra,S. Testi,2
G. Colonnello,A. Testa,2
G. Colonnello,Nisa,10
G. Colonnello,M. Panzeri,17
D. Baima Besquet,M. Zarrillo,1
D. Baima Besquet,L. Lopez,19
Comas,A. Bella,9
Comas,A. Zitelli,5
D. Verde,D. Modugno,4
D. Verde,R. Rascel,4
G. Paoli,M. Pagani,9
G. Paoli,S. Bardotti,5
G. Paoli,G. Bella,9
L. Quarantotto,F. Sartori,7
L. Quarantotto,A. Napoletano,7
G. Panceri,P. Meneguzzo,2
G. Panceri,D. Melotti,2
P. Soffici,Mogol,2
V. Ripa,M. Panzeri,7
L. Greco,E. Sbriccoli,7
L. Greco,M. Cantini,1
L. Greco,R. Gigli,8
L. Greco,J. Fontana,8
L. Greco,F. Migliacci,8
R. Cellamare,G. Zagni,8
R. Cellamare,L. Carboni,8
R. Cellamare,G. Baldazzi,10
R. Cellamare,S. Tamaro,6
R. Cellamare,S. Bardotti,4
R. Cellamare,L. Dalla,6
R. Cellamare,F. Coppini,4
C. Daiano,Depsa,4
C. Daiano,A. Valsiglio,4
C. Daiano,I. Ianne,4
C. Daiano,C. Malgioglio,10
C. Daiano,Dinaro,8
D. Farina,P. A. Cassella,10
D. Farina,T. Cutugno,8
D. Farina,G. Rampazzo,8
D. Farina,D. Pace,9
Cashin,M. Colucci,8
Cashin,L. Carnacina,9
Cashin,D. Pace,9
Cashin,S. Testi,9
C. Consoli,P. Turci,9
C. Consoli,M. Venuti,6
R. Sinigallia,C. Dazzi,9
R. Sinigallia,D. Sinigallia,9
R. Sinigallia,N. Fabi,9
R. Sinigallia,F. Zampaglione,9
M. Schembri,L. Sepe,9
M. Schembri,E. Malepasso,3
M. Schembri,F. Leali,9
Dardust,Mahmood,18
E. Zapparoli,F. Silvestre,10
E. Zapparoli,E. Palmosi,9
A. Testa,R. Cozzoli,9
A. Testa,Mogol,9
A. Testa,G. Cichellero,9
A. Testa,P. Donaggio,9
A. Testa,M. Remigi,6
A. Testa,E. Sciorilli,6
A. Testa,T. Renis,6
A. Testa,G. Compare,6
S. Simoni,A. Valleroni,6
L. Fulci,A. Celentano,6
L. Fulci,P. Vivarelli,10
R. Angiolini,R. Pradella,5
I. Callegari,F. Migliacci,5
A. Carnevali,S. Profeta,5
A. Carnevali,A. Febo,5
M. Fabrizio,G. Lucariello,4
M. Fabrizio,G. Morra,4
M. Fabrizio,R. Fogli,4
M. Fabrizio,M. Vicino,3
M. Fabrizio,S. D'Orazio,3
M. Fabrizio,V. Spampinato,3
M. Fabrizio,R. Ferri,9
M. Fabrizio,D. Pace,10
M. Fabrizio,B. Lauzi,5
R. Brioschi,E. Ramazzotti,9
R. Brioschi,A. Salerno,27
R. Cozzoli,G. Compare,5
S. Mazzocco,G. Marotta,5
A. Ambrosino,T. Savio,5
G. Padovan,A. De Sanctis,5
Sentacruz,C. Dammicco,5
Sentacruz,S. Grieco,8
Sentacruz,Zacar,4
Sentacruz,Querencio,8
Sentacruz,F. Specchia,8
D. Milani,P. Barabani,4
D. Milani,A. Fornaciari,2
D. Milani,G. Trovato,2
D. Milani,D. Pace,2
D. Milani,M. Malavasi,8
S. Jurgens,T. Montelpare,8
G. Anastasi,G. Mangiaracina,5
G. Anastasi,F. Abbate,8
G. Anastasi,M. Filardo,11
M. Curallo,M. E. Giovanardi,6
G. Redi,E. Bonagura,17
G. Redi,N. Salerno,8
G. Wright,G. Faiella,7
G. Wright,C. Mattone,1
E. Palumbo,P. Pinna,3
E. Palumbo,G. Simonelli,3
E. Palumbo,V. Magelli,6
E. Palumbo,Lazzari,7
Falco,D. Bernazza,9
Falco,A. Piga,4
Donida,Mogol,8
G. Mangiaracina,M. Filardo,2
G. Mango,C. De Bei,2
G. Mango,A. Mango,2
M. De Paolis,U. Bertini,2
E. Fecchi,Lucia Mannucci,2
P. Calabrese,F. Ventura,2
P. Calabrese,L. Carnacina,2
P. Calabrese,M. Mengoni,4
P. Mango,A. Mango,9
P. Mango,A. Salerno,10
E. Roberto,L. Guenzi,10
E. Roberto,M. Romagnoli,1
E. Roberto,A. Guidetti,3
E. Roberto,A. Cazzola,9
E. Roberto,F. Draicchio,4
L. G. Arbore,C. Mattone,1
M. Grilli,A. Mahmoud,18
M. Grilli,F. Fugazza,3
Zucchero Fornaciari,E. Malepasso,4
Zucchero Fornaciari,E. Toffoli,10
Zucchero Fornaciari,M. Saggese,4
P. Gagliardi,G. Amendola,3
M. Perrone,W. Malgoni,10
M. Perrone,Biri,10
R. Borghetti,O. Avogadro,9
R. Borghetti,D. Pace,9
R. Borghetti,F. Fanigliulo,9
E. Sbriccoli,F. Migliacci,7
P. Laquidara,G. Romanelli,6
R. Di Benedetto,L. Fragola,6
R. Di Benedetto,R. Esposito,7
R. Di Benedetto,A. Filippelli,6
R. Di Benedetto,R. Canale,9
P. Armenise,M. Armani,3
V. Chiaravalle,A. Bergamaschi,10
G. Mescoli,V. Pallavicini,6
F. Minoia,G. Bersola,3
F. Minoia,M. Rei,2
V. Incenzo,M. Zarrillo,2
V. Incenzo,R. Zero,8
V. Incenzo,M. Di Cataldo,10
V. Incenzo,Laurex,10
V. Incenzo,A. Paoletti,8
V. Incenzo,D. Pinelli,8
V. Incenzo,Y. Carrisi,4
V. Incenzo,S. Testi,6
C. Pes,J. Fontana,6
C. Pes,F. Migliacci,6
N. Oliviero,D. Calcagno,5
F. Mesolella,M. Tronco e G. Servillo,3
F. Mesolella,G. D'Argenzio,6
F. Mesolella,P. Servillo,6
F. Mesolella,D. Ciaramella,5
F. Mesolella,F. Spinetti,3
P. A. Cassella,M. Zarrillo,6
P. A. Cassella,A. Rosario,3
P. A. Cassella,D. Baldan Bembo,8
M. Tronco e G. Servillo,G. D'Argenzio,16
M. Tronco e G. Servillo,D. Ciaramella,16
M. Tronco e G. Servillo,F. Spinetti,11
S. Boffa,S. Dall'Ora,11
F. Vaccari,P. Miano,7
F. Vaccari,A. Bonomo,11
F. Vaccari,A. Bavo,10
F. Vaccari,M. Mudimbi,3
I. Spagna,M. Marati,10
I. Spagna,F. Zanotti,7
I. Spagna,A. Valsiglio,7
C. Dazzi,D. Sinigallia,24
C. Dazzi,N. Fabi,10
G. Bigazzi,M. Manzani,4
G. Bigazzi,C. Cavallaro,9
G. Bigazzi,T. Savio,4
G. Bigazzi,R. Riefoli,4
G. Bigazzi,S. Martelli,12
G. Bigazzi,B. Gilbo,28
G. Bigazzi,U. Tozzi,1
G. Bigazzi,G. Dati,1
G. Bigazzi,G. Savio,9
G. Bigazzi,F. Palmieri,1
G. Bigazzi,M. Masini,4
G. Bigazzi,M. Falagiani,5
G. Bigazzi,G. Bella,5
G. Bigazzi,A. Civai,10
G. Novi,M. Monticelli,10
G. Novi,S. Dionigi,10
G. Novi,F. Serafini,10
G. Novi,M. Pasini,4
G. Arena,A. Piccareta,4
D. Petrella,Boss Doms,4
D. Petrella,D. Mungai,4
D. Petrella,D. Faini,4
D. Petrella,D. Dezi,5
D. Petrella,Stash,5
D. Petrella,Achille Lauro,5
C. Bissi,G. Pio,5
C. Bissi,F. Battiato,5
A. Canini,E. Marcelli,4
A. Canini,S. Cristicchi,7
A. Canini,F. Di Gesù,7
J. M. Maiello Ferry,J. Maiello Ferry,4
R. Vecchioni,M. Paoluzzi,4
R. Vecchioni,A. Lo Vecchio,4
L. Visentin,P. Cassano,7
L. Visentin,A. Cogliati,7
M. Spina,T. Palamara,7
G. D'Argenzio,D. Ciaramella,20
G. D'Argenzio,F. Spinetti,7
A. Mahmoud,F. Fugazza,7
M. Mariotti,L. Gambetti,8
M. Mariotti,A. Mari,1
F. Ventura,L. Carnacina,7
L. Gelmini,D. Calcagno,7
E. Sinni,R. Cocciante,4
D. Coro,F. Camba,8
D. Coro,M. Masini,5
A. Scarrone,D. Simonetta,14
G. Giorgilli,L. Rana,7
G. Giorgilli,L. Patruno,4
G. Giorgilli,C. Noto,6
R. Pazzaglia,D. Modugno,17
D. Sinigallia,N. Fabi,7
P. Barabani,G. P. Reverberi,7
M. Musumeci,F. Guasti,4
M. Musumeci,F. Ciccotti,11
L. Bacalov,S. Endrigo,3
L. Bacalov,S. Bardotti,6
M. Manzani,A. Manfredi,7
M. Manzani,M. Masini,7
L. Gambetti,A. Mari,3
Zibba,A. Balestrieri,3
F. De André,L. Marielli,5
S. Seracini,M. Panzeri,9
S. Seracini,V. D'Acquisto,9
S. Seracini,G. C. Testoni,6
S. Seracini,E. Minoretti,7
D. Calvio,S. Mantegazza,5
D. Calvio,D. Persoglio,2
D. Calvio,C. Ruggiero,3
B. Zambrini,Duchesca,2
E. Marcelli,S. Cristicchi,2
E. Marcelli,F. Di Gesù,2
P. Carone,L. Dalla,6
F. Abbate,F. Michielin,2
L. Valente,A. Stellita,4
L. Valente,C. Marrale,8
L. Valente,S. Cossu,8
S. Sylvestre,S. Maiuolo,10
G. Morra,R. Fogli,10
G. Morra,G. Togni,2
B. Pallini,L. Raggi,10
Depsa,M. Marati,9
Depsa,F. Zanotti,10
Depsa,G. Faiella,10
Depsa,A. Valsiglio,1
Depsa,E. Malepasso,3
Depsa,T. Cutugno,3
Depsa,S. Monetti,8
Depsa,F. Fasano,8
Depsa,S. Iodice,8
Depsa,S. Cutugno,3
Depsa,G. Andreetto,6
M. Conidi,M. Mastrangeli,4
E. Di Lazzaro,D. Valentini,6
G. Westley,Mogol,10
G. Westley,G. Bella,10
M. Di Franco,A. Zuppini,8
M. Di Franco,S. Moschetto,4
A. Galbiati,D. Faini,9
G. Orlandi,G. Dati,9
G. Orlandi,M. Masini,28
G. Fiorelli,M. Ruccione,8
L. Mattioni,P. Meneguzzo,8
L. Mattioni,R. Di Bella,9
L. Mattioni,D. Melotti,9
M. Luberti,E. Fusco,9
L. Baglioni,M. Baglioni,9
G. Pio,F. Battiato,9
G. D'Angelo,A. Annona,1
G. D'Angelo,C. Tortora,5
C. De Andrè,D. Fossati,3
A. Zuccaro,Assolo,2
A. Zuccaro,D. Massa,2
A. Zuccaro,L. Angelosanti,3
A. Zuccaro,M. De Iaco,7
A. Zuccaro,F. Morettini,9
P. Cassano,A. Stellita,9
P. Cassano,C. Marrale,9
P. Cassano,F. Ciani,1
P. Cassano,E. Ramazzotti,1
P. Cassano,A. Cogliati,10
P. Cassano,M. Natale,10
P. Cassano,L. Bonometti,6
P. Cassano,A. Ruggiero,6
P. Cassano,G. Golzi,6
S. Cristicchi,N. Brunialti,13
S. Cristicchi,F. Di Gesù,6
S. Cristicchi,G. Ortenzi,8
W. Bassani,E. Aldrighetti,8
A. Istroni,G. Pegoraro,15
L. Guenzi,M. Romagnoli,8
L. Guenzi,A. Guidetti,15
L. Guenzi,A. Cazzola,8
L. Guenzi,F. Draicchio,6
M. Munzi,A. Ventura,6
M. Munzi,D. Benedetti,10
M. Munzi,M. Conti,3
C. A. Bixio,M. Cozzoli,10
L. Rana,L. Patruno,3
L. Rana,C. Noto,7
S. Romano,R. Onori,7
S. Romano,C. Rigano,5
G. Guarneri,P. P. Preti,10
P. Miano,A. Bonomo,10
P. Miano,A. Bavo,10
P. Miano,M. Mudimbi,10
F. Ricci,A. Drusian,10
F. Ricci,C. Di Domenico,10
G. Finizio,V. Capasso,9
Boss Doms,D. Mungai,10
Boss Doms,D. Dezi,9
Boss Doms,Achille Lauro,8
F. Rondanini,T. Iurcich,22
F. Rondanini,M. Agnelli,3
F. Rondanini,D. Silvestri,9
R. Casalino,N. Zilli,9
R. Casalino,F. De Benedittis,9
R. Casalino,D. Faini,9
R. Casalino,M. Mengoni,9
U. Fusco,M. Panzeri,5
M. Vicari,M. Marrocchi,5
M. Vicari,G. Cassia,7
M. Vicari,S. Bardotti,7
M. Zarrillo,A. Rosario,11
M. Zarrillo,L. Lopez,5
S. Borgia,T. Cutugno,1
G. Godi,P. Brera,10
G. Godi,A. Branca,10
G. Godi,J. Monasta,4
R. Pagliarulo,V. Catanzaro,4
R. Pagliarulo,S. Benussi,10
G. F. Reverberi,Mogol,10
G. F. Reverberi,M. Scommegna,10
Carrel,A. Valleroni,10
Carrel,Da Rovere,9
A. Ventura,D. Benedetti,9
A. Ventura,M. Conti,9
L. Bruti,D. De Santis,9
L. Bruti,M. Di Paolo,9
M. Marati,F. Zanotti,2
M. Marati,F. Tanini,2
M. Marati,A. Valsiglio,2
M. Marati,R. Buti,2
M. Marati,G. Mattei,3
M. Marati,S. Monetti,3
P. Pintucci,D. Masini,3
P. Pintucci,M. Scommegna,3
C. Dammicco,S. Grieco,8
C. Dammicco,Zacar,8
C. Dammicco,Querencio,8
C. Dammicco,F. Specchia,9
Assolo,D. Massa,9
Assolo,L. Angelosanti,3
Assolo,M. De Iaco,3
Assolo,F. Morettini,3
V. Rossi,R. Ferri,6
S. Di Nardo,M. Marrocchi,6
S. Di Nardo,A. De Sanctis,7
A. Carrisi,V. Mercurio,7
A. Carrisi,A. Paoletti,7
A. Carrisi,V. Pallavicini,4
A. Carrisi,M. Bizzarri,10
A. Carrisi,R. Power,2
A. Carrisi,W. Molco,10
P. Pinna,G. Simonelli,2
U. Iervolino,P. Renga,8
L. Cherubini,L. Cersosimo,9
M. Monticelli,S. Dionigi,9
M. Monticelli,F. Serafini,9
M. Monticelli,M. Pasini,9
P. Vallesi,G. Dati,1
G. Morandi,Mogol,1
G. Morandi,G. Bella,4
Miani,P. Montanari,4
R. Zero,A. Paoletti,9
R. Zero,Y. Carrisi,10
A. De Simone,E. Capotosti,3
A. De Simone,V. Mascheroni,3
L. Fragola,Fedez,9
L. Fragola,A. Filippelli,9
L. Fragola,R. Canale,7
M. G. Gili,M. Panzeri,6
M. G. Gili,L. Barazzetti,4
M. G. Gili,D. Pace,4
I. Fossati,G. Guglielminetti,13
I. Fossati,O. Prudente,5
T. Sinatra,G. Trovato,5
I. Grandi,F. Bianconi,10
I. Grandi,Telonio,10
M. Minoia,V. Centrone,10
M. Minoia,E. Giudizi,10
M. Marcolini,A. Aquilani,8
M. Marcolini,E. Pietrelli,7
M. Marcolini,I. Fornaciari,6
M. Pagani,S. Bardotti,8
T. De Gasperi,M. Maffucci,6
T. De Gasperi,D. Pao ed E. Ciarallo,8
S. Mineo,E. Mineo,5
L. Sepe,E. Malepasso,12
L. Sepe,F. Leali,6
A. Stellita,C. Marrale,6
A. Stellita,S. Cossu,6
A. Stellita,A. Ruggiero,4
A. Stellita,G. Golzi,4
D. Massa,L. Angelosanti,4
D. Massa,M. De Iaco,1
D. Massa,F. Morettini,8
Bungaro,A. Fresa,8
Bungaro,G. Romanelli,4
Bungaro,G. Ferreri,4
Bungaro,Pacifico,4
Bungaro,M. Calò,7
Nisa,M. Panzeri,8
Nisa,U. Bindi,8
Nisa,R. Carosone,8
F. Palazzolo,F. Migliacci,3
C. Gori,A. Costanzo,3
C. Gori,P. Bentivoglio,3
E. Caterini,S. Nasuti,9
E. Caterini,S. Borzi,9
G. Carletti,M. Vecchi,9
G. Carletti,D. Sacco,7
A. Di Zio,G. Di Tonno,7
L. Angelosanti,M. De Iaco,5
L. Angelosanti,F. Morettini,5
D. Backy,Mogol,10
D. Backy,D. Mariano,10
L. Carmi,C. A. Liman,8
R. Onori,C. Rigano,8
M. Rinalduzzi,P. Magoni,8
M. Rinalduzzi,M. Zenima Granieri,8
S. Grieco,Zacar,5
F. Cianciola,E. Marrone,8
M. Porru,M. Tansini,8
G. Zagni,F. Coppini,10
Kynsha,P. Martella,4
Kynsha,M. Violante,4
B. Bergonzi,M. Logan,10
V. Mercurio,V. Pallavicini,10
V. Mercurio,R. Power,10
V. Mercurio,W. Molco,10
F. Zanotti,A. Valsiglio,4
F. Zanotti,T. Maiello,4
F. Zanotti,S. Monetti,3
F. Zanotti,R. Cardelli,7
G. Casieri,A. Ravasio,7
A. Sopranzi,G. Fassino,2
F. Tanini,A. Valsiglio,3
F. Tanini,R. Buti,10
D. Benedetti,M. Conti,10
P. Meneguzzo,R. Di Bella,10
P. Meneguzzo,D. Melotti,1
P. Brera,A. Branca,7
P. Brera,J. Monasta,7
F. Bianconi,L. Chiaravalli,7
A. Fragna,N. Rastelli,6
G. D'Alessio,A. Tatangelo,6
N. Brunialti,G. Ortenzi,6
M. Gazzè,F. De Benedittis,4
M. Gazzè,F. Gazzè,6
V. Tempera,A. Zurawski,7
V. Tempera,M. Martellini,11
G. Faiella,F. Fasano,11
G. Faiella,C. Mattone,11
R. Serio,R. Fiacchini,6
A. Bonomo,Nek,6
A. Bonomo,A. Bavo,6
A. Bonomo,G. Fazio,6
A. Bonomo,M. Mudimbi,7
A. Bonomo,L. Chiaravalli,7
A. Valleroni,Da Rovere,7
Calibi,C. Donida,2
Calibi,Pinchi,2
S. Cenci,E. Fratini,5
S. Cenci,L. Silvi,8
S. Cenci,F. Migliacci,1
L. Patruno,C. Noto,1
M. Panzeri,G. C. Testoni,6
M. Panzeri,C. Conti,3
M. Panzeri,N. Rastelli,3
M. Panzeri,G. Argenio,9
M. Panzeri,L. Beretta,9
M. Panzeri,J. Dorelli,9
M. Panzeri,F. Arrigoni,9
M. Panzeri,L. Barazzetti,9
M. Panzeri,C. Donida,7
M. Panzeri,L. Pilat,1
M. Panzeri,R. Livraghi,1
M. Panzeri,D. Pace,13
M. Panzeri,V. Mascheroni,15
M. Panzeri,M. Del Prete,5
G. Calabrese,A. Martelli,5
G. Calabrese,D. Calcagno,5
G. Calabrese,E. Sciorilli,7
A. Drusian,C. Di Domenico,5
G. C. Testoni,G. Kramer,5
G. C. Testoni,F. Rendine,9
G. C. Testoni,G. Fanciulli,8
G. C. Testoni,C. Donida,8
M. Ciappelli,D. Calvetti,8
M. Ciappelli,S. Bertolotti,10
M. Ciappelli,F. Facchinetti,10
M. Ciappelli,V. Tosetto,7
R. Frenneaux,Noemi,5
M. Del Forno,F. Caprara,2
M. Del Forno,E. Mangia,8
M. Del Forno,R. Cardelli,3
E. La Valle,A. Caponi,5
F. Di Gesù,C. Galbignani,9
F. Di Gesù,L. Beccafichi,3
G. Giancursi,R. Lo Mele,9
G. Giancursi,E. Diana,9
C. Conti,G. Argenio,4
C. Conti,F. Arrigoni,4
C. Conti,L. Pilat,7
C. Conti,D. Pace,9
M. Vicino,D. Pace,27
F. Bongusto,S. Iodice,2
A. Zurawski,M. Martellini,12
A. Fornaciari,D. Dattoli,22
A. Fornaciari,E. Malepasso,4
A. Fornaciari,I. Fornaciari,7
A. Fornaciari,D. Pace,2
E. Jannacci,P. Jannacci,3
E. Jannacci,P. Rossi,3
L. Capello,A. Genovese,2
C. Farolfi,D. De Marinis,2
N. Fasani,D. Civaschi,2
N. Fasani,S. Conforti,4
N. Fasani,S. Belisari,10
N. Fasani,D. L. Civaschi,9
Roberto Colombo,A. Ruggiero,15
R. Riefoli,U. Tozzi,9
R. Riefoli,G. Dati,15
P. Limiti,G. Puzzo,14
P. Limiti,B. Moglia,8
P. Limiti,E. Capotosti,14
P. Limiti,M. C. Lacamera,9
M. Romagnoli,A. Guidetti,5
M. Romagnoli,A. Cazzola,5
M. Romagnoli,F. Draicchio,5
Irama,A. Debernardi,8
Irama,G. Colonnelli,7
D. Civaschi,S. Conforti,4
D. Civaschi,M. Riva,5
D. Civaschi,S. Belisari,7
F. Riccardi,L. Santoro,7
A. Mango,A. Salerno,7
S. Nasuti,S. Borzi,7
D. Dattoli,I. Fornaciari,10
S. Endrigo,S. Bardotti,8
U. Bindi,N. Salerno,8
Mogol,R. Satti,9
Mogol,E. Isola,9
Mogol,M. Scommegna,9
Mogol,L. D'Alessio,6
Mogol,R. Cocciante,6
Mogol,D. Mariano,7
Mogol,G. Marchetti,8
Mogol,C. Donida,8
Mogol,L. Battisti,8
Mogol,T. Renis,8
Mogol,G. Bella,8
A. Zuppini,S. Moschetto,2
C. Marrale,S. Cossu,10
C. Marrale,A. Ruggiero,9
C. Marrale,G. Golzi,10
R. Satti,G. Marchetti,10
P. Magoni,M. Zenima Granieri,9
G. Fiorellino,A. Casaburi,10
V. Stein,C. Maccaro,1
S. Ortone,P. Finà,9
A. Valsiglio,F. Cavalli,10
A. Valsiglio,R. Buti,2
A. Valsiglio,S. Monetti,1
F. Moro,A. Febo,1
S. Profeta,A. Febo,8
M. Di Cataldo,B. Laurenti,7
M. Di Cataldo,Laurex,4
F. Godi,M. Morandi,8
P. Muscolino,A. Caioli,3
I. Ianne,A. Cogliati,4
I. Ianne,F. Leali,3
I. Ianne,T. Cutugno,6
I. Ianne,C. Malgioglio,4
I. Ianne,Dinaro,3
P. Martella,M. Violante,10
B. D'Onghia,S. Bersani,10
B. D'Onghia,L. Dalla,10
S. Mantegazza,D. Persoglio,3
S. Mantegazza,C. Ruggiero,9
D. Masini,M. Scommegna,6
S. Dionigi,F. Serafini,9
S. Dionigi,M. Pasini,9
C. Canzian,Pellecalamaio,6
Alexia,A. Salerno,6
E. Paselli,F. Poli,10
S. Martelli,B. Gilbo,9
Danpa,V. Panzuti,9
Danpa,Pinchi,3
A. Branca,J. Monasta,10
R. Lo Mele,E. Diana,5
M. Adami,M. Masini,5
E. Malepasso,F. Leali,5
G. Puzzo,B. Moglia,5
G. Puzzo,E. Capotosti,5
G. Puzzo,M. C. Lacamera,9
F. Evangelisti,S. Mattoccia,8
F. Evangelisti,Laurex,15
F. Evangelisti,M. Patrignani,5
F. Evangelisti,S. Borzi,10
F. Evangelisti,C. Cofani,7
P. Rolla,F. Bergamini,6
P. Romitelli,A. Carozza,7
P. Romitelli,D. Simonetta,6
P. Romitelli,E. Munda,1
M. Alemanno,L. Dalla,1
A. Giordano,G. Mauro,8
E. Fratini,L. Silvi,8
E. Fratini,F. Migliacci,8
C. Carrara,A. Ruggiero,9
A. Debernardi,G. Colonnelli,3
A. Carozza,E. Munda,8
S. Conforti,S. Belisari,8
S. Conforti,D. L. Civaschi,2
L. Carboni,M. Armenise,10
M. Cantini,R. Gigli,10
M. Cantini,J. Fontana,9
M. Cantini,F. Migliacci,3
G. Baldazzi,S. Bardotti,5
G. Baldazzi,L. Dalla,3
F. Serafini,M. Pasini,7
R. Gigli,J. Fontana,7
R. Gigli,F. Migliacci,3
M. Marrocchi,G. Cassia,17
M. Marrocchi,S. Bardotti,5
M. Marrocchi,V. Tariciotti,8
M. Marrocchi,F. Migliacci,10
M. Marrocchi,A. De Sanctis,3
M. Venturiello,Tosca,19
F. Caprara,E. Mangia,5
F. Caprara,R. Cardelli,9
M. Telli,A. Bettini,8
M. Telli,A. De Sanctis,16
V. Negrini,C. Facchinetti,10
T. Maiello,R. Cardelli,10
F. Silvestre,E. Palmosi,16
F. Silvestre,L. Sala,8
M. Battistini,G. Reitano,10
M. Battistini,F. Sacco,9
M. Battistini,R. Bolognesi,5
A. Costanzo,R. Salani,7
A. Costanzo,P. Bentivoglio,2
M. Del Freo,D. Marchetti,17
R. Esposito,R. Canale,9
A. Bettini,A. De Sanctis,15
R. Colombo,A. Ruggiero,8
M. Ayane,A. Flora,6
M. Ayane,Pacifico,6
M. Ayane,G. Caccamo,28
U. Balsamo,F. Piccarreda,9
U. Balsamo,C. Malgioglio,19
U. Balsamo,L. Raggi,9
D. Calvetti,S. Bertolotti,9
D. Calvetti,F. Facchinetti,4
F. Mussida,R. Ferri,4
F. Mussida,C. De André,1
F. Salvi,M. Natale,9
F. Salvi,S. Melloni,9
L. Urbani,G. D'Amora,1
C. Guidetti,E. Ramazzotti,2
C. Guidetti,A. Cogliati,2
C. Guidetti,A. Salerno,6
R. Kunstler,S. Cammariere,2
K. Ammar,P. Frassi,2
N. Rastelli,V. Mascheroni,9
D. Persoglio,C. Ruggiero,9
D. Rettore,C. Rego,5
S. Mattoccia,S. Borzi,5
Laurex,M. Patrignani,5
Laurex,C. Cofani,12
P. Conte,V. Pallavicini,12
U. Smaila,F. Ciani,2
U. Smaila,A. Cogliati,2
F. Guasti,F. Ciccotti,5
F. Ciani,A. Cogliati,5
F. Ciani,S. Bardotti,2
F. Ciani,F. Leali,5
L. Silvi,F. Migliacci,5
A. Martelli,A. Minghi,4
A. Martelli,P. Panella,4
F. Morgia,S. Amato,2
G. Anania,D. Simonetta,2
G. Anania,P. Turci,2
G. Anania,L. Chiaravalli,6
U. Tozzi,G. Savio,5
M. Maffucci,D. Pao ed E. Ciarallo,9
S. Bersani,L. Dalla,9
M. Colucci,L. Carnacina,7
M. Colucci,D. Pace,7
M. Colucci,S. Testi,9
G. B. Martelli,Albula,9
C. Sebastianelli,O. Avogadro,4
C. Sebastianelli,D. Pace,12
B. Moglia,E. Capotosti,15
B. Moglia,M. C. Lacamera,5
A. Locatelli,N. Ravasini,7
G. Kramer,V. Pallavicini,11
E. Ramazzotti,A. Cogliati,11
E. Ramazzotti,A. Salerno,5
E. Ramazzotti,V. Tosetto,3
S. Belisari,D. L. Civaschi,10
S. Costantini,M. Guazzone,10
A. Cogliati,F. Fasano,3
A. Cogliati,V. Tosetto,11
A. Filippelli,A. Di Martino,5
A. Filippelli,R. Canale,7
N. Piras,C. Patti,8
A. Fresa,Pacifico,2
Don Backy,D. Mariano,19
Don Backy,A. Caponi,5
E. Capotosti,M. C. Lacamera,8
E. Capotosti,V. Mascheroni,6
V. Catanzaro,S. Benussi,6
G. Reitano,F. Sacco,4
G. Reitano,R. Bolognesi,3
A. Minghi,P. Panella,9
S. Bertolotti,F. Facchinetti,5
M. De Iaco,F. Morettini,6
Nek,G. Fazio,19
Nek,L. Chiaravalli,3
L. Marielli,P. Bertoli,9
G. Argenio,F. Arrigoni,4
G. Argenio,D. Pace,7
V. Panzuti,Pinchi,7
G. Dati,M. Masini,9
G. Dati,M. Falagiani,4
G. Dati,B. Zucchetti,3
M. Varini,A. De Sanctis,6
M. Varini,F. Neviani,14
G. Trovato,M. Malavasi,2
G. Trovato,A. Anastasio,5
G. Trovato,C. Valli,19
A. Bavo,M. Mudimbi,5
P. Mangini,Cavaros,9
M. Natale,L. Bonometti,4
M. Natale,S. Melloni,2
D. Bernazza,A. Piga,2
F. De Benedittis,M. Mengoni,5
F. De Benedittis,F. Gazzè,5
A. Paoletti,Y. Carrisi,9
G. Guarnieri,B. Lauzi,9
E. Palmosi,L. Sala,9
I. Porceddu,C. Ferrari,7
I. Porceddu,A. Fontana,2
G. Fazio,L. Chiaravalli,2
C. Iezzi,P. Iezzi,8
T. Iurcich,M. Agnelli,3
T. Iurcich,D. Silvestri,29
G. Cassia,S. Bardotti,9
Querencio,F. Specchia,3
D. Modugno,L. Beretta,12
D. Modugno,F. Migliacci,3
V. Magelli,Lazzari,3
V. Magelli,G. Russo,6
F. Carraresi,F. Migliacci,5
F. Carraresi,M. Goldsand,3
Lattuada,Rolla,5
Lattuada,La Valle,24
V. Pallavicini,E. Vianello,10
V. Pallavicini,F. Leali,10
V. Pallavicini,R. Power,10
V. Pallavicini,Biri,10
V. Pallavicini,P. Donaggio,16
V. Pallavicini,S. Cutugno,10
V. Pallavicini,G. P. Felisatti,3
V. Pallavicini,W. Molco,3
E. Pietrelli,I. Fornaciari,3
D. Mungai,D. Dezi,8
D. Mungai,Achille Lauro,9
C. Gigli,Schiava,9
S. Bardotti,L. Dalla,7
S. Bardotti,F. Leali,4
L. Beretta,E. Parazzini,7
L. Beretta,G. Viezzoli,4
L. Beretta,Gippi,10
L. Beretta,G. Intra,10
L. Beretta,A. Celentano,10
L. Beretta,E. Sciorilli,8
L. Beretta,D. Pace,8
L. Beretta,M. Del Prete,2
D. Mariano,A. Caponi,2
Malise,G. P. Felisatti,2
D. Simonetta,P. Turci,2
D. Simonetta,L. Chiaravalli,5
L. Dalla,P. Pallottino,5
F. Leali,T. Cutugno,5
F. Leali,V. Tosetto,4
J. Fontana,F. Migliacci,5
D. Pinelli,S. Testi,5
D. Pinelli,M. Rei,1
D. Ciaramella,F. Spinetti,5
M. Pecora,T. Montelpare,9
M. Pecora,Zenonazza,9
L. Carnacina,D. Pace,5
L. Carnacina,S. Testi,2
M. Patrignani,C. Cofani,6
D. Calcagno,E. Sciorilli,10
D. Calcagno,M. Marini,10
M. Cozzoli,E. Bonagura,5
T. Cutugno,G. Rampazzo,4
E. Parazzini,G. Intra,12
C. Galbignani,L. Beccafichi,15
F. Monti Arduini,Lubiak,10
D. Faini,D. Mancino,9
D. Faini,Stash,15
D. Faini,C. De André,9
Rolla,La Valle,5
C. Malgioglio,Dinaro,7
R. Arbore,C. Mattone,7
L. Panico,D. De Vitis,5
A. Flora,Pacifico,5
A. Flora,G. Caccamo,8
A. Flora,L. Vizzini,3
F. Muggeo,L. Nigro,14
W. Malgoni,Biri,7
W. Malgoni,Pinchi,17
G. Ferreri,M. Calò,22
Pacifico,G. Caccamo,3
R. Power,W. Molco,19
Gippi,E. Sciorilli,5
R. Pareti,A. Salerno,10
R. Ferri,C. De André,7
F. Sacco,R. Bolognesi,3
C. Mattone,A. Salerno,10
C. Mattone,F. Migliacci,10
A. Guidetti,A. Cazzola,7
A. Guidetti,F. Draicchio,18
R. Di Bella,D. Melotti,10
R. Di Bella,P. Meneguzzi,9
A. Cazzola,F. Draicchio,9
D. Dezi,Achille Lauro,10
F. Arrigoni,D. Pace,9
D. De Santis,M. Di Paolo,4
E. Mangia,R. Cardelli,6
A. Bella,A. Zitelli,15
G. Pieretti,A. Nicorelli,6
G. Pieretti,R. Gianco,10
G. Castellani,L. L. Martelli,6
A. Salerno,G. Bella,8
Biri,N. Ravasini,10
Biri,V. Mascheroni,4
L. Barazzetti,D. Pace,10
V. Centrone,E. Giudizi,4
F. Camba,M. Masini,6
D. Fainello,R. Tini,6
D. Fainello,L. Fainello,7
S. Rocchetti,A. Lo Vecchio,7
F. Paulin,F. Migliacci,6
R. Lanzo,L. Fiori,1
D. Gambi,A. Nanni,7
P. Turci,G. Chiocchio,7
P. Turci,L. Chiaravalli,7
V. Tariciotti,F. Migliacci,2
G. Capuano,M. Capuano,2
G. Capuano,S. Boswell,6
O. Prudente,O. Avogadro,6
F. Palmieri,A. Civai,1
C. Donida,Pinchi,4
N. Ravasini,N. Salerno,4
F. Migliacci,M. Goldsand,4
A. Celentano,P. Vivarelli,4
A. Celentano,M. Del Prete,2
L. Pilat,D. Pace,9
M. Agnelli,D. Silvestri,9
A. De Carmine,M. Spenillo,9
A. Rodini,O. Rubino,14
A. Rodini,R. Rubino,10
M. Vecchi,D. Sacco,6
D. De Marinis,S. Cutugno,6
A. Ruggiero,G. Golzi,4
A. Ruggiero,A. Volpe,1
D. Mancino,C. De André,4
L. Chiaravalli,S. Grandi,1
C. Ferrari,A. Fontana,4
P. Jannacci,P. Rossi,4
M. Zanfagna,M. De Martino,8
R. Tini,L. Fainello,3
M. Falagiani,A. Civai,8
F. Ricciardi,O. Avogadro,8
F. Ricciardi,D. Pace,8
R. Livraghi,D. Pace,2
G. Isgrò,A. De Sanctis,2
G. Isgrò,F. Neviani,2
T. Montelpare,Zenonazza,4
A. De Sanctis,F. Neviani,7
D. Melotti,P. Meneguzzi,7
O. Avogadro,D. Pace,5
O. Avogadro,F. Fanigliulo,5
D. Pace,F. Fanigliulo,8
D. Pace,M. Del Prete,4
D. Pace,S. Testi,17
M. Capuano,S. Boswell,8
Leozed,M. Malavasi,8
F. Mobrici,R. Cardelli,8
A. Anastasio,C. Valli,8